"","Cohort","Population","Sample"
"607","EUR","GBR","HG00096"
"608","EUR","GBR","HG00097"
"609","EUR","GBR","HG00099"
"610","EUR","GBR","HG00100"
"611","EUR","GBR","HG00101"
"612","EUR","GBR","HG00102"
"613","EUR","GBR","HG00103"
"614","EUR","GBR","HG00105"
"615","EUR","GBR","HG00106"
"616","EUR","GBR","HG00107"
"617","EUR","GBR","HG00108"
"618","EUR","GBR","HG00109"
"619","EUR","GBR","HG00110"
"620","EUR","GBR","HG00111"
"621","EUR","GBR","HG00112"
"622","EUR","GBR","HG00113"
"623","EUR","GBR","HG00114"
"624","EUR","GBR","HG00115"
"625","EUR","GBR","HG00116"
"626","EUR","GBR","HG00117"
"627","EUR","GBR","HG00118"
"628","EUR","GBR","HG00119"
"629","EUR","GBR","HG00120"
"630","EUR","GBR","HG00121"
"631","EUR","GBR","HG00122"
"632","EUR","GBR","HG00123"
"633","EUR","GBR","HG00125"
"634","EUR","GBR","HG00126"
"635","EUR","GBR","HG00127"
"636","EUR","GBR","HG00128"
"637","EUR","GBR","HG00129"
"638","EUR","GBR","HG00130"
"639","EUR","GBR","HG00131"
"640","EUR","GBR","HG00132"
"641","EUR","GBR","HG00133"
"642","EUR","GBR","HG00136"
"643","EUR","GBR","HG00137"
"644","EUR","GBR","HG00138"
"645","EUR","GBR","HG00139"
"646","EUR","GBR","HG00140"
"647","EUR","GBR","HG00141"
"648","EUR","GBR","HG00142"
"649","EUR","GBR","HG00143"
"650","EUR","GBR","HG00145"
"651","EUR","GBR","HG00146"
"652","EUR","GBR","HG00148"
"653","EUR","GBR","HG00149"
"654","EUR","GBR","HG00150"
"655","EUR","GBR","HG00151"
"656","EUR","GBR","HG00154"
"657","EUR","GBR","HG00155"
"658","EUR","GBR","HG00157"
"659","EUR","GBR","HG00158"
"660","EUR","GBR","HG00159"
"661","EUR","GBR","HG00160"
"662","EUR","FIN","HG00171"
"663","EUR","FIN","HG00173"
"664","EUR","FIN","HG00174"
"665","EUR","FIN","HG00176"
"666","EUR","FIN","HG00177"
"667","EUR","FIN","HG00178"
"668","EUR","FIN","HG00179"
"669","EUR","FIN","HG00180"
"670","EUR","FIN","HG00181"
"671","EUR","FIN","HG00182"
"672","EUR","FIN","HG00183"
"673","EUR","FIN","HG00185"
"674","EUR","FIN","HG00186"
"675","EUR","FIN","HG00187"
"676","EUR","FIN","HG00188"
"677","EUR","FIN","HG00189"
"678","EUR","FIN","HG00190"
"679","EUR","GBR","HG00231"
"680","EUR","GBR","HG00232"
"681","EUR","GBR","HG00233"
"682","EUR","GBR","HG00234"
"683","EUR","GBR","HG00235"
"684","EUR","GBR","HG00236"
"685","EUR","GBR","HG00237"
"686","EUR","GBR","HG00238"
"687","EUR","GBR","HG00239"
"688","EUR","GBR","HG00240"
"689","EUR","GBR","HG00242"
"690","EUR","GBR","HG00243"
"691","EUR","GBR","HG00244"
"692","EUR","GBR","HG00245"
"693","EUR","GBR","HG00246"
"694","EUR","GBR","HG00250"
"695","EUR","GBR","HG00251"
"696","EUR","GBR","HG00252"
"697","EUR","GBR","HG00253"
"698","EUR","GBR","HG00254"
"699","EUR","GBR","HG00255"
"700","EUR","GBR","HG00256"
"701","EUR","GBR","HG00257"
"702","EUR","GBR","HG00258"
"703","EUR","GBR","HG00259"
"704","EUR","GBR","HG00260"
"705","EUR","GBR","HG00261"
"706","EUR","GBR","HG00262"
"707","EUR","GBR","HG00263"
"708","EUR","GBR","HG00264"
"709","EUR","GBR","HG00265"
"710","EUR","FIN","HG00266"
"711","EUR","FIN","HG00267"
"712","EUR","FIN","HG00268"
"713","EUR","FIN","HG00269"
"714","EUR","FIN","HG00271"
"715","EUR","FIN","HG00272"
"716","EUR","FIN","HG00273"
"717","EUR","FIN","HG00274"
"718","EUR","FIN","HG00275"
"719","EUR","FIN","HG00276"
"720","EUR","FIN","HG00277"
"721","EUR","FIN","HG00278"
"722","EUR","FIN","HG00280"
"723","EUR","FIN","HG00281"
"724","EUR","FIN","HG00282"
"725","EUR","FIN","HG00284"
"726","EUR","FIN","HG00285"
"727","EUR","FIN","HG00288"
"728","EUR","FIN","HG00290"
"729","EUR","FIN","HG00304"
"730","EUR","FIN","HG00306"
"731","EUR","FIN","HG00308"
"732","EUR","FIN","HG00309"
"733","EUR","FIN","HG00310"
"734","EUR","FIN","HG00311"
"735","EUR","FIN","HG00313"
"736","EUR","FIN","HG00315"
"737","EUR","FIN","HG00318"
"738","EUR","FIN","HG00319"
"739","EUR","FIN","HG00320"
"740","EUR","FIN","HG00321"
"741","EUR","FIN","HG00323"
"742","EUR","FIN","HG00324"
"743","EUR","FIN","HG00325"
"744","EUR","FIN","HG00326"
"745","EUR","FIN","HG00327"
"746","EUR","FIN","HG00328"
"747","EUR","FIN","HG00329"
"748","EUR","FIN","HG00330"
"749","EUR","FIN","HG00331"
"750","EUR","FIN","HG00332"
"751","EUR","FIN","HG00334"
"752","EUR","FIN","HG00335"
"753","EUR","FIN","HG00336"
"754","EUR","FIN","HG00337"
"755","EUR","FIN","HG00338"
"756","EUR","FIN","HG00339"
"757","EUR","FIN","HG00341"
"758","EUR","FIN","HG00342"
"759","EUR","FIN","HG00343"
"760","EUR","FIN","HG00344"
"761","EUR","FIN","HG00345"
"762","EUR","FIN","HG00346"
"763","EUR","FIN","HG00349"
"764","EUR","FIN","HG00350"
"765","EUR","FIN","HG00351"
"766","EUR","FIN","HG00353"
"767","EUR","FIN","HG00355"
"768","EUR","FIN","HG00356"
"769","EUR","FIN","HG00357"
"770","EUR","FIN","HG00358"
"771","EUR","FIN","HG00360"
"772","EUR","FIN","HG00361"
"773","EUR","FIN","HG00362"
"774","EUR","FIN","HG00364"
"775","EUR","FIN","HG00365"
"776","EUR","FIN","HG00366"
"777","EUR","FIN","HG00367"
"778","EUR","FIN","HG00368"
"779","EUR","FIN","HG00369"
"780","EUR","FIN","HG00371"
"781","EUR","FIN","HG00372"
"782","EUR","FIN","HG00373"
"783","EUR","FIN","HG00375"
"784","EUR","FIN","HG00376"
"785","EUR","FIN","HG00378"
"786","EUR","FIN","HG00379"
"787","EUR","FIN","HG00380"
"788","EUR","FIN","HG00381"
"789","EUR","FIN","HG00382"
"790","EUR","FIN","HG00383"
"791","EUR","FIN","HG00384"
"792","EAS","CHS","HG00403"
"793","EAS","CHS","HG00404"
"794","EAS","CHS","HG00406"
"795","EAS","CHS","HG00407"
"796","EAS","CHS","HG00409"
"797","EAS","CHS","HG00410"
"798","EAS","CHS","HG00419"
"799","EAS","CHS","HG00421"
"800","EAS","CHS","HG00422"
"801","EAS","CHS","HG00428"
"802","EAS","CHS","HG00436"
"803","EAS","CHS","HG00437"
"804","EAS","CHS","HG00442"
"805","EAS","CHS","HG00443"
"806","EAS","CHS","HG00445"
"807","EAS","CHS","HG00446"
"808","EAS","CHS","HG00448"
"809","EAS","CHS","HG00449"
"810","EAS","CHS","HG00451"
"811","EAS","CHS","HG00452"
"812","EAS","CHS","HG00457"
"813","EAS","CHS","HG00458"
"814","EAS","CHS","HG00463"
"815","EAS","CHS","HG00464"
"816","EAS","CHS","HG00472"
"817","EAS","CHS","HG00473"
"818","EAS","CHS","HG00475"
"819","EAS","CHS","HG00476"
"820","EAS","CHS","HG00478"
"821","EAS","CHS","HG00479"
"822","EAS","CHS","HG00500"
"823","EAS","CHS","HG00513"
"824","EAS","CHS","HG00524"
"825","EAS","CHS","HG00525"
"826","EAS","CHS","HG00530"
"827","EAS","CHS","HG00531"
"828","EAS","CHS","HG00533"
"829","EAS","CHS","HG00534"
"830","EAS","CHS","HG00536"
"831","EAS","CHS","HG00537"
"832","EAS","CHS","HG00542"
"833","EAS","CHS","HG00543"
"834","AMR","PUR","HG00551"
"835","AMR","PUR","HG00553"
"836","AMR","PUR","HG00554"
"837","EAS","CHS","HG00556"
"838","EAS","CHS","HG00557"
"839","EAS","CHS","HG00559"
"840","EAS","CHS","HG00560"
"841","EAS","CHS","HG00565"
"842","EAS","CHS","HG00566"
"843","EAS","CHS","HG00580"
"844","EAS","CHS","HG00581"
"845","EAS","CHS","HG00583"
"846","EAS","CHS","HG00584"
"847","EAS","CHS","HG00589"
"848","EAS","CHS","HG00590"
"849","EAS","CHS","HG00592"
"850","EAS","CHS","HG00593"
"851","EAS","CHS","HG00595"
"852","EAS","CHS","HG00596"
"853","EAS","CHS","HG00598"
"854","EAS","CHS","HG00599"
"855","EAS","CHS","HG00607"
"856","EAS","CHS","HG00608"
"857","EAS","CHS","HG00610"
"858","EAS","CHS","HG00611"
"859","EAS","CHS","HG00613"
"860","EAS","CHS","HG00614"
"861","EAS","CHS","HG00619"
"862","EAS","CHS","HG00620"
"863","EAS","CHS","HG00622"
"864","EAS","CHS","HG00623"
"865","EAS","CHS","HG00625"
"866","EAS","CHS","HG00626"
"867","EAS","CHS","HG00628"
"868","EAS","CHS","HG00629"
"869","EAS","CHS","HG00631"
"870","EAS","CHS","HG00632"
"871","EAS","CHS","HG00634"
"872","AMR","PUR","HG00637"
"873","AMR","PUR","HG00638"
"874","AMR","PUR","HG00640"
"875","AMR","PUR","HG00641"
"876","EAS","CHS","HG00650"
"877","EAS","CHS","HG00651"
"878","EAS","CHS","HG00653"
"879","EAS","CHS","HG00654"
"880","EAS","CHS","HG00656"
"881","EAS","CHS","HG00657"
"882","EAS","CHS","HG00662"
"883","EAS","CHS","HG00663"
"884","EAS","CHS","HG00671"
"885","EAS","CHS","HG00672"
"886","EAS","CHS","HG00674"
"887","EAS","CHS","HG00675"
"888","EAS","CHS","HG00683"
"889","EAS","CHS","HG00684"
"890","EAS","CHS","HG00689"
"891","EAS","CHS","HG00690"
"892","EAS","CHS","HG00692"
"893","EAS","CHS","HG00693"
"894","EAS","CHS","HG00698"
"895","EAS","CHS","HG00699"
"896","EAS","CHS","HG00701"
"897","EAS","CHS","HG00704"
"898","EAS","CHS","HG00705"
"899","EAS","CHS","HG00707"
"900","EAS","CHS","HG00708"
"901","EAS","CHS","HG00717"
"902","EAS","CHS","HG00728"
"903","EAS","CHS","HG00729"
"904","AMR","PUR","HG00731"
"905","AMR","PUR","HG00732"
"906","AMR","PUR","HG00734"
"907","AMR","PUR","HG00736"
"908","AMR","PUR","HG00737"
"909","AMR","PUR","HG00739"
"910","AMR","PUR","HG00740"
"911","AMR","PUR","HG00742"
"912","AMR","PUR","HG00743"
"913","EAS","CDX","HG00759"
"914","EAS","CDX","HG00766"
"915","EAS","CDX","HG00844"
"916","EAS","CDX","HG00851"
"917","EAS","CDX","HG00864"
"918","EAS","CDX","HG00867"
"919","EAS","CDX","HG00879"
"920","EAS","CDX","HG00881"
"921","EAS","CDX","HG00956"
"922","EAS","CDX","HG00978"
"923","EAS","CDX","HG00982"
"924","EAS","CDX","HG01028"
"925","EAS","CDX","HG01029"
"926","EAS","CDX","HG01031"
"927","EAS","CDX","HG01046"
"928","AMR","PUR","HG01047"
"929","AMR","PUR","HG01048"
"930","AMR","PUR","HG01049"
"931","AMR","PUR","HG01051"
"932","AMR","PUR","HG01052"
"933","AMR","PUR","HG01054"
"934","AMR","PUR","HG01055"
"935","AMR","PUR","HG01058"
"936","AMR","PUR","HG01060"
"937","AMR","PUR","HG01061"
"938","AMR","PUR","HG01063"
"939","AMR","PUR","HG01064"
"940","AMR","PUR","HG01066"
"941","AMR","PUR","HG01067"
"942","AMR","PUR","HG01069"
"943","AMR","PUR","HG01070"
"944","AMR","PUR","HG01072"
"945","AMR","PUR","HG01073"
"946","AMR","PUR","HG01075"
"947","AMR","PUR","HG01077"
"948","AMR","PUR","HG01079"
"949","AMR","PUR","HG01080"
"950","AMR","PUR","HG01082"
"951","AMR","PUR","HG01083"
"952","AMR","PUR","HG01085"
"953","AMR","PUR","HG01086"
"954","AMR","PUR","HG01088"
"955","AMR","PUR","HG01089"
"956","AMR","PUR","HG01092"
"957","AMR","PUR","HG01094"
"958","AMR","PUR","HG01095"
"959","AMR","PUR","HG01097"
"960","AMR","PUR","HG01098"
"961","AMR","PUR","HG01101"
"962","AMR","PUR","HG01102"
"963","AMR","PUR","HG01104"
"964","AMR","PUR","HG01105"
"965","AMR","PUR","HG01107"
"966","AMR","PUR","HG01108"
"967","AMR","PUR","HG01110"
"968","AMR","PUR","HG01111"
"969","AMR","CLM","HG01112"
"970","AMR","CLM","HG01113"
"971","AMR","CLM","HG01119"
"972","AMR","CLM","HG01121"
"973","AMR","CLM","HG01122"
"974","AMR","CLM","HG01124"
"975","AMR","CLM","HG01125"
"976","AMR","CLM","HG01130"
"977","AMR","CLM","HG01131"
"978","AMR","CLM","HG01133"
"979","AMR","CLM","HG01134"
"980","AMR","CLM","HG01136"
"981","AMR","CLM","HG01137"
"982","AMR","CLM","HG01139"
"983","AMR","CLM","HG01140"
"984","AMR","CLM","HG01142"
"985","AMR","CLM","HG01148"
"986","AMR","CLM","HG01149"
"987","AMR","PUR","HG01161"
"988","AMR","PUR","HG01162"
"989","AMR","PUR","HG01164"
"990","AMR","PUR","HG01167"
"991","AMR","PUR","HG01168"
"992","AMR","PUR","HG01170"
"993","AMR","PUR","HG01171"
"994","AMR","PUR","HG01173"
"995","AMR","PUR","HG01174"
"996","AMR","PUR","HG01176"
"997","AMR","PUR","HG01177"
"998","AMR","PUR","HG01182"
"999","AMR","PUR","HG01183"
"1000","AMR","PUR","HG01187"
"1001","AMR","PUR","HG01188"
"1002","AMR","PUR","HG01190"
"1003","AMR","PUR","HG01191"
"1004","AMR","PUR","HG01197"
"1005","AMR","PUR","HG01198"
"1006","AMR","PUR","HG01200"
"1007","AMR","PUR","HG01204"
"1008","AMR","PUR","HG01205"
"1009","AMR","PUR","HG01241"
"1010","AMR","PUR","HG01242"
"1011","AMR","PUR","HG01247"
"1012","AMR","PUR","HG01248"
"1013","AMR","CLM","HG01250"
"1014","AMR","CLM","HG01251"
"1015","AMR","CLM","HG01253"
"1016","AMR","CLM","HG01254"
"1017","AMR","CLM","HG01256"
"1018","AMR","CLM","HG01257"
"1019","AMR","CLM","HG01259"
"1020","AMR","CLM","HG01260"
"1021","AMR","CLM","HG01269"
"1022","AMR","CLM","HG01271"
"1023","AMR","CLM","HG01272"
"1024","AMR","CLM","HG01275"
"1025","AMR","CLM","HG01277"
"1026","AMR","CLM","HG01280"
"1027","AMR","CLM","HG01281"
"1028","AMR","CLM","HG01284"
"1029","AMR","PUR","HG01286"
"1030","AMR","PUR","HG01302"
"1031","AMR","PUR","HG01303"
"1032","AMR","PUR","HG01305"
"1033","AMR","PUR","HG01308"
"1034","AMR","PUR","HG01311"
"1035","AMR","PUR","HG01312"
"1036","AMR","PUR","HG01323"
"1037","AMR","PUR","HG01325"
"1038","AMR","PUR","HG01326"
"1039","EUR","GBR","HG01334"
"1040","AMR","CLM","HG01341"
"1041","AMR","CLM","HG01342"
"1042","AMR","CLM","HG01344"
"1043","AMR","CLM","HG01345"
"1044","AMR","CLM","HG01348"
"1045","AMR","CLM","HG01350"
"1046","AMR","CLM","HG01351"
"1047","AMR","CLM","HG01353"
"1048","AMR","CLM","HG01354"
"1049","AMR","CLM","HG01356"
"1050","AMR","CLM","HG01357"
"1051","AMR","CLM","HG01359"
"1052","AMR","CLM","HG01360"
"1053","AMR","CLM","HG01362"
"1054","AMR","CLM","HG01363"
"1055","AMR","CLM","HG01365"
"1056","AMR","CLM","HG01366"
"1057","AMR","CLM","HG01369"
"1058","AMR","CLM","HG01372"
"1059","AMR","CLM","HG01374"
"1060","AMR","CLM","HG01375"
"1061","AMR","CLM","HG01377"
"1062","AMR","CLM","HG01378"
"1063","AMR","CLM","HG01383"
"1064","AMR","CLM","HG01384"
"1065","AMR","CLM","HG01389"
"1066","AMR","CLM","HG01390"
"1067","AMR","PUR","HG01392"
"1068","AMR","PUR","HG01393"
"1069","AMR","PUR","HG01395"
"1070","AMR","PUR","HG01396"
"1071","AMR","PUR","HG01398"
"1072","AMR","PUR","HG01402"
"1073","AMR","PUR","HG01403"
"1074","AMR","PUR","HG01405"
"1075","AMR","PUR","HG01412"
"1076","AMR","PUR","HG01413"
"1077","AMR","PUR","HG01414"
"1078","AMR","CLM","HG01431"
"1079","AMR","CLM","HG01432"
"1080","AMR","CLM","HG01435"
"1081","AMR","CLM","HG01437"
"1082","AMR","CLM","HG01438"
"1083","AMR","CLM","HG01440"
"1084","AMR","CLM","HG01441"
"1085","AMR","CLM","HG01443"
"1086","AMR","CLM","HG01444"
"1087","AMR","CLM","HG01447"
"1088","AMR","CLM","HG01455"
"1089","AMR","CLM","HG01456"
"1090","AMR","CLM","HG01459"
"1091","AMR","CLM","HG01461"
"1092","AMR","CLM","HG01462"
"1093","AMR","CLM","HG01464"
"1094","AMR","CLM","HG01465"
"1095","AMR","CLM","HG01468"
"1096","AMR","CLM","HG01474"
"1097","AMR","CLM","HG01479"
"1098","AMR","CLM","HG01485"
"1099","AMR","CLM","HG01486"
"1100","AMR","CLM","HG01488"
"1101","AMR","CLM","HG01489"
"1102","AMR","CLM","HG01491"
"1103","AMR","CLM","HG01492"
"1104","AMR","CLM","HG01494"
"1105","AMR","CLM","HG01495"
"1106","AMR","CLM","HG01497"
"1107","AMR","CLM","HG01498"
"1108","EUR","IBS","HG01500"
"1109","EUR","IBS","HG01501"
"1110","EUR","IBS","HG01503"
"1111","EUR","IBS","HG01504"
"1112","EUR","IBS","HG01506"
"1113","EUR","IBS","HG01507"
"1114","EUR","IBS","HG01509"
"1115","EUR","IBS","HG01510"
"1116","EUR","IBS","HG01512"
"1117","EUR","IBS","HG01513"
"1118","EUR","IBS","HG01515"
"1119","EUR","IBS","HG01516"
"1120","EUR","IBS","HG01518"
"1121","EUR","IBS","HG01519"
"1122","EUR","IBS","HG01521"
"1123","EUR","IBS","HG01522"
"1124","EUR","IBS","HG01524"
"1125","EUR","IBS","HG01525"
"1126","EUR","IBS","HG01527"
"1127","EUR","IBS","HG01528"
"1128","EUR","IBS","HG01530"
"1129","EUR","IBS","HG01531"
"1130","EUR","IBS","HG01536"
"1131","EUR","IBS","HG01537"
"1132","AMR","CLM","HG01550"
"1133","AMR","CLM","HG01551"
"1134","AMR","CLM","HG01556"
"1135","AMR","PEL","HG01565"
"1136","AMR","PEL","HG01566"
"1137","AMR","PEL","HG01571"
"1138","AMR","PEL","HG01572"
"1139","AMR","PEL","HG01577"
"1140","AMR","PEL","HG01578"
"1141","SAS","PJL","HG01583"
"1142","SAS","PJL","HG01586"
"1143","SAS","PJL","HG01589"
"1144","SAS","PJL","HG01593"
"1145","EAS","KHV","HG01595"
"1146","EAS","KHV","HG01596"
"1147","EAS","KHV","HG01597"
"1148","EAS","KHV","HG01598"
"1149","EAS","KHV","HG01599"
"1150","EAS","KHV","HG01600"
"1151","EUR","IBS","HG01602"
"1152","EUR","IBS","HG01603"
"1153","EUR","IBS","HG01605"
"1154","EUR","IBS","HG01606"
"1155","EUR","IBS","HG01607"
"1156","EUR","IBS","HG01608"
"1157","EUR","IBS","HG01610"
"1158","EUR","IBS","HG01612"
"1159","EUR","IBS","HG01613"
"1160","EUR","IBS","HG01615"
"1161","EUR","IBS","HG01617"
"1162","EUR","IBS","HG01618"
"1163","EUR","IBS","HG01619"
"1164","EUR","IBS","HG01620"
"1165","EUR","IBS","HG01623"
"1166","EUR","IBS","HG01624"
"1167","EUR","IBS","HG01625"
"1168","EUR","IBS","HG01626"
"1169","EUR","IBS","HG01628"
"1170","EUR","IBS","HG01630"
"1171","EUR","IBS","HG01631"
"1172","EUR","IBS","HG01632"
"1173","EUR","IBS","HG01668"
"1174","EUR","IBS","HG01669"
"1175","EUR","IBS","HG01670"
"1176","EUR","IBS","HG01672"
"1177","EUR","IBS","HG01673"
"1178","EUR","IBS","HG01675"
"1179","EUR","IBS","HG01676"
"1180","EUR","IBS","HG01678"
"1181","EUR","IBS","HG01679"
"1182","EUR","IBS","HG01680"
"1183","EUR","IBS","HG01682"
"1184","EUR","IBS","HG01684"
"1185","EUR","IBS","HG01685"
"1186","EUR","IBS","HG01686"
"1187","EUR","IBS","HG01694"
"1188","EUR","IBS","HG01695"
"1189","EUR","IBS","HG01697"
"1190","EUR","IBS","HG01699"
"1191","EUR","IBS","HG01700"
"1192","EUR","IBS","HG01702"
"1193","EUR","IBS","HG01704"
"1194","EUR","IBS","HG01705"
"1195","EUR","IBS","HG01707"
"1196","EUR","IBS","HG01708"
"1197","EUR","IBS","HG01709"
"1198","EUR","IBS","HG01710"
"1199","EUR","IBS","HG01746"
"1200","EUR","IBS","HG01747"
"1201","EUR","IBS","HG01756"
"1202","EUR","IBS","HG01757"
"1203","EUR","IBS","HG01761"
"1204","EUR","IBS","HG01762"
"1205","EUR","IBS","HG01765"
"1206","EUR","IBS","HG01766"
"1207","EUR","IBS","HG01767"
"1208","EUR","IBS","HG01768"
"1209","EUR","IBS","HG01770"
"1210","EUR","IBS","HG01771"
"1211","EUR","IBS","HG01773"
"1212","EUR","IBS","HG01775"
"1213","EUR","IBS","HG01776"
"1214","EUR","IBS","HG01777"
"1215","EUR","IBS","HG01779"
"1216","EUR","IBS","HG01781"
"1217","EUR","IBS","HG01783"
"1218","EUR","IBS","HG01784"
"1219","EUR","IBS","HG01785"
"1220","EUR","IBS","HG01786"
"1221","EUR","GBR","HG01789"
"1222","EUR","GBR","HG01790"
"1223","EUR","GBR","HG01791"
"1224","EAS","CDX","HG01794"
"1225","EAS","CDX","HG01795"
"1226","EAS","CDX","HG01796"
"1227","EAS","CDX","HG01797"
"1228","EAS","CDX","HG01798"
"1229","EAS","CDX","HG01799"
"1230","EAS","CDX","HG01800"
"1231","EAS","CDX","HG01801"
"1232","EAS","CDX","HG01802"
"1233","EAS","CDX","HG01804"
"1234","EAS","CDX","HG01805"
"1235","EAS","CDX","HG01806"
"1236","EAS","CDX","HG01807"
"1237","EAS","CDX","HG01808"
"1238","EAS","CDX","HG01809"
"1239","EAS","CDX","HG01810"
"1240","EAS","CDX","HG01811"
"1241","EAS","CDX","HG01812"
"1242","EAS","CDX","HG01813"
"1243","EAS","CDX","HG01815"
"1244","EAS","CDX","HG01816"
"1245","EAS","CDX","HG01817"
"1246","EAS","KHV","HG01840"
"1247","EAS","KHV","HG01841"
"1248","EAS","KHV","HG01842"
"1249","EAS","KHV","HG01843"
"1250","EAS","KHV","HG01844"
"1251","EAS","KHV","HG01845"
"1252","EAS","KHV","HG01846"
"1253","EAS","KHV","HG01847"
"1254","EAS","KHV","HG01848"
"1255","EAS","KHV","HG01849"
"1256","EAS","KHV","HG01850"
"1257","EAS","KHV","HG01851"
"1258","EAS","KHV","HG01852"
"1259","EAS","KHV","HG01853"
"1260","EAS","KHV","HG01855"
"1261","EAS","KHV","HG01857"
"1262","EAS","KHV","HG01858"
"1263","EAS","KHV","HG01859"
"1264","EAS","KHV","HG01860"
"1265","EAS","KHV","HG01861"
"1266","EAS","KHV","HG01862"
"1267","EAS","KHV","HG01863"
"1268","EAS","KHV","HG01864"
"1269","EAS","KHV","HG01865"
"1270","EAS","KHV","HG01866"
"1271","EAS","KHV","HG01867"
"1272","EAS","KHV","HG01868"
"1273","EAS","KHV","HG01869"
"1274","EAS","KHV","HG01870"
"1275","EAS","KHV","HG01871"
"1276","EAS","KHV","HG01872"
"1277","EAS","KHV","HG01873"
"1278","EAS","KHV","HG01874"
"1279","EAS","KHV","HG01878"
"1280","AFR","ACB","HG01879"
"1281","AFR","ACB","HG01880"
"1282","AFR","ACB","HG01882"
"1283","AFR","ACB","HG01883"
"1284","AFR","ACB","HG01885"
"1285","AFR","ACB","HG01886"
"1286","AFR","ACB","HG01889"
"1287","AFR","ACB","HG01890"
"1288","AMR","PEL","HG01892"
"1289","AMR","PEL","HG01893"
"1290","AFR","ACB","HG01894"
"1291","AFR","ACB","HG01896"
"1292","AFR","ACB","HG01912"
"1293","AFR","ACB","HG01914"
"1294","AFR","ACB","HG01915"
"1295","AMR","PEL","HG01917"
"1296","AMR","PEL","HG01918"
"1297","AMR","PEL","HG01920"
"1298","AMR","PEL","HG01921"
"1299","AMR","PEL","HG01923"
"1300","AMR","PEL","HG01924"
"1301","AMR","PEL","HG01926"
"1302","AMR","PEL","HG01927"
"1303","AMR","PEL","HG01932"
"1304","AMR","PEL","HG01933"
"1305","AMR","PEL","HG01935"
"1306","AMR","PEL","HG01936"
"1307","AMR","PEL","HG01938"
"1308","AMR","PEL","HG01939"
"1309","AMR","PEL","HG01941"
"1310","AMR","PEL","HG01942"
"1311","AMR","PEL","HG01944"
"1312","AMR","PEL","HG01945"
"1313","AMR","PEL","HG01947"
"1314","AMR","PEL","HG01948"
"1315","AMR","PEL","HG01950"
"1316","AMR","PEL","HG01951"
"1317","AMR","PEL","HG01953"
"1318","AMR","PEL","HG01954"
"1319","AFR","ACB","HG01956"
"1320","AFR","ACB","HG01958"
"1321","AMR","PEL","HG01961"
"1322","AMR","PEL","HG01965"
"1323","AMR","PEL","HG01967"
"1324","AMR","PEL","HG01968"
"1325","AMR","PEL","HG01970"
"1326","AMR","PEL","HG01971"
"1327","AMR","PEL","HG01973"
"1328","AMR","PEL","HG01974"
"1329","AMR","PEL","HG01976"
"1330","AMR","PEL","HG01977"
"1331","AMR","PEL","HG01979"
"1332","AMR","PEL","HG01980"
"1333","AMR","PEL","HG01982"
"1334","AFR","ACB","HG01985"
"1335","AFR","ACB","HG01986"
"1336","AFR","ACB","HG01988"
"1337","AFR","ACB","HG01989"
"1338","AFR","ACB","HG01990"
"1339","AMR","PEL","HG01991"
"1340","AMR","PEL","HG01992"
"1341","AMR","PEL","HG01997"
"1342","AMR","PEL","HG02002"
"1343","AMR","PEL","HG02003"
"1344","AMR","PEL","HG02006"
"1345","AMR","PEL","HG02008"
"1346","AFR","ACB","HG02009"
"1347","AFR","ACB","HG02010"
"1348","AFR","ACB","HG02012"
"1349","AFR","ACB","HG02013"
"1350","AFR","ACB","HG02014"
"1351","EAS","KHV","HG02016"
"1352","EAS","KHV","HG02017"
"1353","EAS","KHV","HG02019"
"1354","EAS","KHV","HG02020"
"1355","EAS","KHV","HG02023"
"1356","EAS","KHV","HG02025"
"1357","EAS","KHV","HG02026"
"1358","EAS","KHV","HG02028"
"1359","EAS","KHV","HG02029"
"1360","EAS","KHV","HG02031"
"1361","EAS","KHV","HG02032"
"1362","EAS","KHV","HG02035"
"1363","EAS","KHV","HG02040"
"1364","EAS","KHV","HG02047"
"1365","EAS","KHV","HG02048"
"1366","EAS","KHV","HG02049"
"1367","EAS","KHV","HG02050"
"1368","AFR","ACB","HG02051"
"1369","AFR","ACB","HG02052"
"1370","AFR","ACB","HG02053"
"1371","AFR","ACB","HG02054"
"1372","EAS","KHV","HG02057"
"1373","EAS","KHV","HG02058"
"1374","EAS","KHV","HG02060"
"1375","EAS","KHV","HG02061"
"1376","EAS","KHV","HG02064"
"1377","EAS","KHV","HG02067"
"1378","EAS","KHV","HG02069"
"1379","EAS","KHV","HG02070"
"1380","EAS","KHV","HG02072"
"1381","EAS","KHV","HG02073"
"1382","EAS","KHV","HG02075"
"1383","EAS","KHV","HG02076"
"1384","EAS","KHV","HG02078"
"1385","EAS","KHV","HG02079"
"1386","EAS","KHV","HG02081"
"1387","EAS","KHV","HG02082"
"1388","EAS","KHV","HG02084"
"1389","EAS","KHV","HG02085"
"1390","EAS","KHV","HG02086"
"1391","EAS","KHV","HG02087"
"1392","EAS","KHV","HG02088"
"1393","AMR","PEL","HG02089"
"1394","AMR","PEL","HG02090"
"1395","AFR","ACB","HG02095"
"1396","AMR","PEL","HG02102"
"1397","AMR","PEL","HG02104"
"1398","AMR","PEL","HG02105"
"1399","AFR","ACB","HG02107"
"1400","AFR","ACB","HG02108"
"1401","AFR","ACB","HG02111"
"1402","EAS","KHV","HG02113"
"1403","EAS","KHV","HG02116"
"1404","EAS","KHV","HG02121"
"1405","EAS","KHV","HG02122"
"1406","EAS","KHV","HG02127"
"1407","EAS","KHV","HG02128"
"1408","EAS","KHV","HG02130"
"1409","EAS","KHV","HG02131"
"1410","EAS","KHV","HG02133"
"1411","EAS","KHV","HG02134"
"1412","EAS","KHV","HG02136"
"1413","EAS","KHV","HG02137"
"1414","EAS","KHV","HG02138"
"1415","EAS","KHV","HG02139"
"1416","EAS","KHV","HG02140"
"1417","EAS","KHV","HG02141"
"1418","EAS","KHV","HG02142"
"1419","AFR","ACB","HG02143"
"1420","AFR","ACB","HG02144"
"1421","AMR","PEL","HG02146"
"1422","AMR","PEL","HG02147"
"1423","AMR","PEL","HG02150"
"1424","EAS","CDX","HG02151"
"1425","EAS","CDX","HG02152"
"1426","EAS","CDX","HG02153"
"1427","EAS","CDX","HG02154"
"1428","EAS","CDX","HG02155"
"1429","EAS","CDX","HG02156"
"1430","EAS","CDX","HG02164"
"1431","EAS","CDX","HG02165"
"1432","EAS","CDX","HG02166"
"1433","EAS","CDX","HG02178"
"1434","EAS","CDX","HG02179"
"1435","EAS","CDX","HG02180"
"1436","EAS","CDX","HG02181"
"1437","EAS","CDX","HG02182"
"1438","EAS","CDX","HG02184"
"1439","EAS","CDX","HG02185"
"1440","EAS","CDX","HG02186"
"1441","EAS","CDX","HG02187"
"1442","EAS","CDX","HG02188"
"1443","EAS","CDX","HG02190"
"1444","EUR","GBR","HG02215"
"1445","EUR","IBS","HG02219"
"1446","EUR","IBS","HG02220"
"1447","EUR","IBS","HG02221"
"1448","EUR","IBS","HG02223"
"1449","EUR","IBS","HG02224"
"1450","EUR","IBS","HG02230"
"1451","EUR","IBS","HG02231"
"1452","EUR","IBS","HG02232"
"1453","EUR","IBS","HG02233"
"1454","EUR","IBS","HG02235"
"1455","EUR","IBS","HG02236"
"1456","EUR","IBS","HG02238"
"1457","EUR","IBS","HG02239"
"1458","EAS","CDX","HG02250"
"1459","AMR","PEL","HG02252"
"1460","AMR","PEL","HG02253"
"1461","AFR","ACB","HG02255"
"1462","AFR","ACB","HG02256"
"1463","AMR","PEL","HG02259"
"1464","AMR","PEL","HG02260"
"1465","AMR","PEL","HG02262"
"1466","AMR","PEL","HG02265"
"1467","AMR","PEL","HG02266"
"1468","AMR","PEL","HG02271"
"1469","AMR","PEL","HG02272"
"1470","AMR","PEL","HG02274"
"1471","AMR","PEL","HG02275"
"1472","AMR","PEL","HG02277"
"1473","AMR","PEL","HG02278"
"1474","AFR","ACB","HG02281"
"1475","AFR","ACB","HG02282"
"1476","AFR","ACB","HG02283"
"1477","AFR","ACB","HG02284"
"1478","AMR","PEL","HG02285"
"1479","AMR","PEL","HG02286"
"1480","AMR","PEL","HG02291"
"1481","AMR","PEL","HG02292"
"1482","AMR","PEL","HG02298"
"1483","AMR","PEL","HG02299"
"1484","AMR","PEL","HG02301"
"1485","AMR","PEL","HG02304"
"1486","AFR","ACB","HG02307"
"1487","AFR","ACB","HG02308"
"1488","AFR","ACB","HG02309"
"1489","AMR","PEL","HG02312"
"1490","AFR","ACB","HG02314"
"1491","AFR","ACB","HG02315"
"1492","AFR","ACB","HG02317"
"1493","AFR","ACB","HG02318"
"1494","AFR","ACB","HG02322"
"1495","AFR","ACB","HG02323"
"1496","AFR","ACB","HG02325"
"1497","AFR","ACB","HG02330"
"1498","AFR","ACB","HG02332"
"1499","AFR","ACB","HG02334"
"1500","AFR","ACB","HG02337"
"1501","AFR","ACB","HG02339"
"1502","AFR","ACB","HG02343"
"1503","AMR","PEL","HG02345"
"1504","AMR","PEL","HG02348"
"1505","EAS","CDX","HG02351"
"1506","EAS","CDX","HG02353"
"1507","EAS","CDX","HG02355"
"1508","EAS","CDX","HG02356"
"1509","EAS","CDX","HG02360"
"1510","EAS","CDX","HG02364"
"1511","EAS","CDX","HG02367"
"1512","EAS","CDX","HG02371"
"1513","EAS","CDX","HG02373"
"1514","EAS","CDX","HG02374"
"1515","EAS","CDX","HG02375"
"1516","EAS","CDX","HG02379"
"1517","EAS","CDX","HG02380"
"1518","EAS","CDX","HG02382"
"1519","EAS","CDX","HG02383"
"1520","EAS","CDX","HG02384"
"1521","EAS","CDX","HG02385"
"1522","EAS","CDX","HG02386"
"1523","EAS","CDX","HG02389"
"1524","EAS","CDX","HG02390"
"1525","EAS","CDX","HG02391"
"1526","EAS","CDX","HG02392"
"1527","EAS","CDX","HG02394"
"1528","EAS","CDX","HG02395"
"1529","EAS","CDX","HG02396"
"1530","EAS","CDX","HG02397"
"1531","EAS","CDX","HG02398"
"1532","EAS","CDX","HG02399"
"1533","EAS","CDX","HG02401"
"1534","EAS","CDX","HG02402"
"1535","EAS","CDX","HG02406"
"1536","EAS","CDX","HG02407"
"1537","EAS","CDX","HG02408"
"1538","EAS","CDX","HG02409"
"1539","EAS","CDX","HG02410"
"1540","AFR","ACB","HG02419"
"1541","AFR","ACB","HG02420"
"1542","AMR","PEL","HG02425"
"1543","AFR","ACB","HG02427"
"1544","AFR","ACB","HG02429"
"1545","AFR","ACB","HG02433"
"1546","AFR","ACB","HG02439"
"1547","AFR","ACB","HG02442"
"1548","AFR","ACB","HG02445"
"1549","AFR","ACB","HG02449"
"1550","AFR","ACB","HG02450"
"1551","AFR","ACB","HG02455"
"1552","AFR","GWD","HG02461"
"1553","AFR","GWD","HG02462"
"1554","AFR","GWD","HG02464"
"1555","AFR","GWD","HG02465"
"1556","AFR","ACB","HG02470"
"1557","AFR","ACB","HG02471"
"1558","AFR","ACB","HG02476"
"1559","AFR","ACB","HG02477"
"1560","AFR","ACB","HG02479"
"1561","AFR","ACB","HG02481"
"1562","AFR","ACB","HG02484"
"1563","AFR","ACB","HG02485"
"1564","AFR","ACB","HG02489"
"1565","SAS","PJL","HG02490"
"1566","SAS","PJL","HG02491"
"1567","SAS","PJL","HG02493"
"1568","SAS","PJL","HG02494"
"1569","AFR","ACB","HG02496"
"1570","AFR","ACB","HG02497"
"1571","AFR","ACB","HG02501"
"1572","AFR","ACB","HG02502"
"1573","AFR","ACB","HG02505"
"1574","AFR","ACB","HG02508"
"1575","AFR","ACB","HG02511"
"1576","EAS","KHV","HG02512"
"1577","EAS","KHV","HG02513"
"1578","EAS","KHV","HG02521"
"1579","EAS","KHV","HG02522"
"1580","AFR","ACB","HG02536"
"1581","AFR","ACB","HG02537"
"1582","AFR","ACB","HG02541"
"1583","AFR","ACB","HG02545"
"1584","AFR","ACB","HG02546"
"1585","AFR","ACB","HG02549"
"1586","AFR","ACB","HG02554"
"1587","AFR","ACB","HG02555"
"1588","AFR","ACB","HG02557"
"1589","AFR","ACB","HG02558"
"1590","AFR","GWD","HG02561"
"1591","AFR","GWD","HG02562"
"1592","AFR","GWD","HG02568"
"1593","AFR","GWD","HG02570"
"1594","AFR","GWD","HG02571"
"1595","AFR","GWD","HG02573"
"1596","AFR","GWD","HG02574"
"1597","AFR","ACB","HG02577"
"1598","AFR","ACB","HG02580"
"1599","AFR","GWD","HG02582"
"1600","AFR","GWD","HG02583"
"1601","AFR","GWD","HG02585"
"1602","AFR","GWD","HG02586"
"1603","AFR","GWD","HG02588"
"1604","AFR","GWD","HG02589"
"1605","AFR","GWD","HG02594"
"1606","AFR","GWD","HG02595"
"1607","SAS","PJL","HG02597"
"1608","SAS","PJL","HG02600"
"1609","SAS","PJL","HG02601"
"1610","SAS","PJL","HG02603"
"1611","SAS","PJL","HG02604"
"1612","AFR","GWD","HG02610"
"1613","AFR","GWD","HG02611"
"1614","AFR","GWD","HG02613"
"1615","AFR","GWD","HG02614"
"1616","AFR","GWD","HG02620"
"1617","AFR","GWD","HG02621"
"1618","AFR","GWD","HG02623"
"1619","AFR","GWD","HG02624"
"1620","AFR","GWD","HG02628"
"1621","AFR","GWD","HG02629"
"1622","AFR","GWD","HG02634"
"1623","AFR","GWD","HG02635"
"1624","AFR","GWD","HG02642"
"1625","AFR","GWD","HG02643"
"1626","AFR","GWD","HG02645"
"1627","AFR","GWD","HG02646"
"1628","SAS","PJL","HG02648"
"1629","SAS","PJL","HG02649"
"1630","SAS","PJL","HG02651"
"1631","SAS","PJL","HG02652"
"1632","SAS","PJL","HG02654"
"1633","SAS","PJL","HG02655"
"1634","SAS","PJL","HG02657"
"1635","SAS","PJL","HG02658"
"1636","SAS","PJL","HG02660"
"1637","SAS","PJL","HG02661"
"1638","AFR","GWD","HG02666"
"1639","AFR","GWD","HG02667"
"1640","AFR","GWD","HG02675"
"1641","AFR","GWD","HG02676"
"1642","AFR","GWD","HG02678"
"1643","AFR","GWD","HG02679"
"1644","SAS","PJL","HG02681"
"1645","SAS","PJL","HG02682"
"1646","SAS","PJL","HG02684"
"1647","SAS","PJL","HG02685"
"1648","SAS","PJL","HG02687"
"1649","SAS","PJL","HG02688"
"1650","SAS","PJL","HG02690"
"1651","SAS","PJL","HG02691"
"1652","SAS","PJL","HG02694"
"1653","SAS","PJL","HG02696"
"1654","SAS","PJL","HG02697"
"1655","SAS","PJL","HG02699"
"1656","SAS","PJL","HG02700"
"1657","AFR","GWD","HG02702"
"1658","AFR","GWD","HG02703"
"1659","AFR","GWD","HG02715"
"1660","AFR","GWD","HG02716"
"1661","AFR","GWD","HG02721"
"1662","AFR","GWD","HG02722"
"1663","SAS","PJL","HG02724"
"1664","SAS","PJL","HG02725"
"1665","SAS","PJL","HG02727"
"1666","SAS","PJL","HG02728"
"1667","SAS","PJL","HG02731"
"1668","SAS","PJL","HG02733"
"1669","SAS","PJL","HG02734"
"1670","SAS","PJL","HG02736"
"1671","SAS","PJL","HG02737"
"1672","AFR","GWD","HG02756"
"1673","AFR","GWD","HG02757"
"1674","AFR","GWD","HG02759"
"1675","AFR","GWD","HG02760"
"1676","AFR","GWD","HG02763"
"1677","AFR","GWD","HG02768"
"1678","AFR","GWD","HG02769"
"1679","AFR","GWD","HG02771"
"1680","AFR","GWD","HG02772"
"1681","SAS","PJL","HG02774"
"1682","SAS","PJL","HG02775"
"1683","SAS","PJL","HG02778"
"1684","SAS","PJL","HG02780"
"1685","SAS","PJL","HG02783"
"1686","SAS","PJL","HG02784"
"1687","SAS","PJL","HG02786"
"1688","SAS","PJL","HG02787"
"1689","SAS","PJL","HG02789"
"1690","SAS","PJL","HG02790"
"1691","SAS","PJL","HG02792"
"1692","SAS","PJL","HG02793"
"1693","AFR","GWD","HG02798"
"1694","AFR","GWD","HG02799"
"1695","AFR","GWD","HG02804"
"1696","AFR","GWD","HG02805"
"1697","AFR","GWD","HG02807"
"1698","AFR","GWD","HG02808"
"1699","AFR","GWD","HG02810"
"1700","AFR","GWD","HG02811"
"1701","AFR","GWD","HG02813"
"1702","AFR","GWD","HG02814"
"1703","AFR","GWD","HG02816"
"1704","AFR","GWD","HG02817"
"1705","AFR","GWD","HG02819"
"1706","AFR","GWD","HG02820"
"1707","AFR","GWD","HG02836"
"1708","AFR","GWD","HG02837"
"1709","AFR","GWD","HG02839"
"1710","AFR","GWD","HG02840"
"1711","AFR","GWD","HG02851"
"1712","AFR","GWD","HG02852"
"1713","AFR","GWD","HG02854"
"1714","AFR","GWD","HG02855"
"1715","AFR","GWD","HG02860"
"1716","AFR","GWD","HG02861"
"1717","AFR","GWD","HG02870"
"1718","AFR","GWD","HG02878"
"1719","AFR","GWD","HG02879"
"1720","AFR","GWD","HG02881"
"1721","AFR","GWD","HG02882"
"1722","AFR","GWD","HG02884"
"1723","AFR","GWD","HG02885"
"1724","AFR","GWD","HG02887"
"1725","AFR","GWD","HG02888"
"1726","AFR","GWD","HG02890"
"1727","AFR","GWD","HG02891"
"1728","AFR","GWD","HG02895"
"1729","AFR","GWD","HG02896"
"1730","AFR","ESN","HG02922"
"1731","AFR","ESN","HG02923"
"1732","AFR","ESN","HG02938"
"1733","AFR","ESN","HG02941"
"1734","AFR","ESN","HG02943"
"1735","AFR","ESN","HG02944"
"1736","AFR","ESN","HG02946"
"1737","AFR","ESN","HG02947"
"1738","AFR","ESN","HG02952"
"1739","AFR","ESN","HG02953"
"1740","AFR","ESN","HG02968"
"1741","AFR","ESN","HG02970"
"1742","AFR","ESN","HG02971"
"1743","AFR","ESN","HG02973"
"1744","AFR","ESN","HG02974"
"1745","AFR","ESN","HG02976"
"1746","AFR","ESN","HG02977"
"1747","AFR","ESN","HG02979"
"1748","AFR","ESN","HG02981"
"1749","AFR","GWD","HG02982"
"1750","AFR","GWD","HG02983"
"1751","SAS","BEB","HG03006"
"1752","SAS","BEB","HG03007"
"1753","SAS","BEB","HG03009"
"1754","SAS","BEB","HG03012"
"1755","SAS","PJL","HG03015"
"1756","SAS","PJL","HG03016"
"1757","SAS","PJL","HG03018"
"1758","SAS","PJL","HG03019"
"1759","SAS","PJL","HG03021"
"1760","SAS","PJL","HG03022"
"1761","AFR","GWD","HG03024"
"1762","AFR","GWD","HG03025"
"1763","AFR","GWD","HG03027"
"1764","AFR","GWD","HG03028"
"1765","AFR","GWD","HG03039"
"1766","AFR","GWD","HG03040"
"1767","AFR","GWD","HG03045"
"1768","AFR","GWD","HG03046"
"1769","AFR","GWD","HG03048"
"1770","AFR","GWD","HG03049"
"1771","AFR","MSL","HG03052"
"1772","AFR","MSL","HG03054"
"1773","AFR","MSL","HG03055"
"1774","AFR","MSL","HG03057"
"1775","AFR","MSL","HG03058"
"1776","AFR","MSL","HG03060"
"1777","AFR","MSL","HG03061"
"1778","AFR","MSL","HG03063"
"1779","AFR","MSL","HG03064"
"1780","AFR","MSL","HG03066"
"1781","AFR","MSL","HG03069"
"1782","AFR","MSL","HG03072"
"1783","AFR","MSL","HG03073"
"1784","AFR","MSL","HG03074"
"1785","AFR","MSL","HG03077"
"1786","AFR","MSL","HG03078"
"1787","AFR","MSL","HG03079"
"1788","AFR","MSL","HG03081"
"1789","AFR","MSL","HG03082"
"1790","AFR","MSL","HG03084"
"1791","AFR","MSL","HG03085"
"1792","AFR","MSL","HG03086"
"1793","AFR","MSL","HG03088"
"1794","AFR","MSL","HG03091"
"1795","AFR","MSL","HG03095"
"1796","AFR","MSL","HG03096"
"1797","AFR","MSL","HG03097"
"1798","AFR","ESN","HG03099"
"1799","AFR","ESN","HG03100"
"1800","AFR","ESN","HG03103"
"1801","AFR","ESN","HG03105"
"1802","AFR","ESN","HG03108"
"1803","AFR","ESN","HG03109"
"1804","AFR","ESN","HG03111"
"1805","AFR","ESN","HG03112"
"1806","AFR","ESN","HG03114"
"1807","AFR","ESN","HG03115"
"1808","AFR","ESN","HG03117"
"1809","AFR","ESN","HG03118"
"1810","AFR","ESN","HG03120"
"1811","AFR","ESN","HG03121"
"1812","AFR","ESN","HG03123"
"1813","AFR","ESN","HG03124"
"1814","AFR","ESN","HG03126"
"1815","AFR","ESN","HG03127"
"1816","AFR","ESN","HG03129"
"1817","AFR","ESN","HG03130"
"1818","AFR","ESN","HG03132"
"1819","AFR","ESN","HG03133"
"1820","AFR","ESN","HG03135"
"1821","AFR","ESN","HG03136"
"1822","AFR","ESN","HG03139"
"1823","AFR","ESN","HG03157"
"1824","AFR","ESN","HG03159"
"1825","AFR","ESN","HG03160"
"1826","AFR","ESN","HG03162"
"1827","AFR","ESN","HG03163"
"1828","AFR","ESN","HG03166"
"1829","AFR","ESN","HG03168"
"1830","AFR","ESN","HG03169"
"1831","AFR","ESN","HG03172"
"1832","AFR","ESN","HG03175"
"1833","AFR","ESN","HG03189"
"1834","AFR","ESN","HG03190"
"1835","AFR","ESN","HG03193"
"1836","AFR","ESN","HG03195"
"1837","AFR","ESN","HG03196"
"1838","AFR","ESN","HG03198"
"1839","AFR","ESN","HG03199"
"1840","AFR","ESN","HG03202"
"1841","AFR","MSL","HG03209"
"1842","AFR","MSL","HG03212"
"1843","AFR","MSL","HG03224"
"1844","AFR","MSL","HG03225"
"1845","SAS","PJL","HG03228"
"1846","SAS","PJL","HG03229"
"1847","SAS","PJL","HG03234"
"1848","SAS","PJL","HG03235"
"1849","SAS","PJL","HG03237"
"1850","SAS","PJL","HG03238"
"1851","AFR","GWD","HG03240"
"1852","AFR","GWD","HG03241"
"1853","AFR","GWD","HG03246"
"1854","AFR","GWD","HG03247"
"1855","AFR","GWD","HG03258"
"1856","AFR","GWD","HG03259"
"1857","AFR","ESN","HG03265"
"1858","AFR","ESN","HG03267"
"1859","AFR","ESN","HG03268"
"1860","AFR","ESN","HG03270"
"1861","AFR","ESN","HG03271"
"1862","AFR","ESN","HG03279"
"1863","AFR","ESN","HG03280"
"1864","AFR","ESN","HG03291"
"1865","AFR","ESN","HG03294"
"1866","AFR","ESN","HG03295"
"1867","AFR","ESN","HG03297"
"1868","AFR","ESN","HG03298"
"1869","AFR","ESN","HG03300"
"1870","AFR","ESN","HG03301"
"1871","AFR","ESN","HG03303"
"1872","AFR","ESN","HG03304"
"1873","AFR","ESN","HG03311"
"1874","AFR","ESN","HG03313"
"1875","AFR","ESN","HG03342"
"1876","AFR","ESN","HG03343"
"1877","AFR","ESN","HG03351"
"1878","AFR","ESN","HG03352"
"1879","AFR","ESN","HG03354"
"1880","AFR","ESN","HG03363"
"1881","AFR","ESN","HG03366"
"1882","AFR","ESN","HG03367"
"1883","AFR","ESN","HG03369"
"1884","AFR","ESN","HG03370"
"1885","AFR","ESN","HG03372"
"1886","AFR","MSL","HG03376"
"1887","AFR","MSL","HG03378"
"1888","AFR","MSL","HG03380"
"1889","AFR","MSL","HG03382"
"1890","AFR","MSL","HG03385"
"1891","AFR","MSL","HG03388"
"1892","AFR","MSL","HG03391"
"1893","AFR","MSL","HG03394"
"1894","AFR","MSL","HG03397"
"1895","AFR","MSL","HG03401"
"1896","AFR","MSL","HG03410"
"1897","AFR","MSL","HG03419"
"1898","AFR","MSL","HG03428"
"1899","AFR","MSL","HG03432"
"1900","AFR","MSL","HG03433"
"1901","AFR","MSL","HG03436"
"1902","AFR","MSL","HG03437"
"1903","AFR","MSL","HG03439"
"1904","AFR","MSL","HG03442"
"1905","AFR","MSL","HG03445"
"1906","AFR","MSL","HG03446"
"1907","AFR","MSL","HG03449"
"1908","AFR","MSL","HG03451"
"1909","AFR","MSL","HG03452"
"1910","AFR","MSL","HG03455"
"1911","AFR","MSL","HG03457"
"1912","AFR","MSL","HG03458"
"1913","AFR","MSL","HG03460"
"1914","AFR","MSL","HG03461"
"1915","AFR","MSL","HG03464"
"1916","AFR","MSL","HG03469"
"1917","AFR","MSL","HG03470"
"1918","AFR","MSL","HG03472"
"1919","AFR","MSL","HG03473"
"1920","AFR","MSL","HG03476"
"1921","AFR","MSL","HG03478"
"1922","AFR","MSL","HG03479"
"1923","AFR","MSL","HG03484"
"1924","AFR","MSL","HG03485"
"1925","SAS","PJL","HG03488"
"1926","SAS","PJL","HG03490"
"1927","SAS","PJL","HG03491"
"1928","AFR","ESN","HG03499"
"1929","AFR","ESN","HG03511"
"1930","AFR","ESN","HG03514"
"1931","AFR","ESN","HG03515"
"1932","AFR","ESN","HG03517"
"1933","AFR","ESN","HG03518"
"1934","AFR","ESN","HG03520"
"1935","AFR","ESN","HG03521"
"1936","AFR","GWD","HG03538"
"1937","AFR","GWD","HG03539"
"1938","AFR","MSL","HG03547"
"1939","AFR","MSL","HG03548"
"1940","AFR","MSL","HG03556"
"1941","AFR","MSL","HG03557"
"1942","AFR","MSL","HG03558"
"1943","AFR","MSL","HG03559"
"1944","AFR","MSL","HG03563"
"1945","AFR","MSL","HG03565"
"1946","AFR","MSL","HG03567"
"1947","AFR","MSL","HG03571"
"1948","AFR","MSL","HG03572"
"1949","AFR","MSL","HG03575"
"1950","AFR","MSL","HG03577"
"1951","AFR","MSL","HG03578"
"1952","AFR","MSL","HG03583"
"1953","SAS","BEB","HG03585"
"1954","SAS","BEB","HG03589"
"1955","SAS","BEB","HG03593"
"1956","SAS","BEB","HG03594"
"1957","SAS","BEB","HG03595"
"1958","SAS","BEB","HG03598"
"1959","SAS","BEB","HG03600"
"1960","SAS","BEB","HG03603"
"1961","SAS","BEB","HG03604"
"1962","SAS","BEB","HG03607"
"1963","SAS","BEB","HG03611"
"1964","SAS","BEB","HG03615"
"1965","SAS","BEB","HG03616"
"1966","SAS","PJL","HG03619"
"1967","SAS","PJL","HG03624"
"1968","SAS","PJL","HG03625"
"1969","SAS","PJL","HG03629"
"1970","SAS","PJL","HG03631"
"1971","SAS","PJL","HG03634"
"1972","SAS","PJL","HG03636"
"1973","SAS","PJL","HG03640"
"1974","SAS","STU","HG03642"
"1975","SAS","STU","HG03643"
"1976","SAS","STU","HG03644"
"1977","SAS","STU","HG03645"
"1978","SAS","STU","HG03646"
"1979","SAS","PJL","HG03649"
"1980","SAS","PJL","HG03652"
"1981","SAS","PJL","HG03653"
"1982","SAS","PJL","HG03660"
"1983","SAS","PJL","HG03663"
"1984","SAS","PJL","HG03667"
"1985","SAS","PJL","HG03668"
"1986","SAS","STU","HG03672"
"1987","SAS","STU","HG03673"
"1988","SAS","STU","HG03679"
"1989","SAS","STU","HG03680"
"1990","SAS","STU","HG03681"
"1991","SAS","STU","HG03684"
"1992","SAS","STU","HG03685"
"1993","SAS","STU","HG03686"
"1994","SAS","STU","HG03687"
"1995","SAS","STU","HG03689"
"1996","SAS","STU","HG03690"
"1997","SAS","STU","HG03691"
"1998","SAS","STU","HG03692"
"1999","SAS","STU","HG03693"
"2000","SAS","STU","HG03694"
"2001","SAS","STU","HG03695"
"2002","SAS","STU","HG03696"
"2003","SAS","STU","HG03697"
"2004","SAS","STU","HG03698"
"2005","SAS","PJL","HG03702"
"2006","SAS","PJL","HG03703"
"2007","SAS","PJL","HG03705"
"2008","SAS","PJL","HG03706"
"2009","SAS","PJL","HG03708"
"2010","SAS","PJL","HG03709"
"2011","SAS","STU","HG03711"
"2012","SAS","ITU","HG03713"
"2013","SAS","ITU","HG03714"
"2014","SAS","ITU","HG03716"
"2015","SAS","ITU","HG03717"
"2016","SAS","ITU","HG03718"
"2017","SAS","ITU","HG03720"
"2018","SAS","ITU","HG03722"
"2019","SAS","ITU","HG03727"
"2020","SAS","ITU","HG03729"
"2021","SAS","ITU","HG03730"
"2022","SAS","ITU","HG03731"
"2023","SAS","STU","HG03733"
"2024","SAS","STU","HG03736"
"2025","SAS","STU","HG03738"
"2026","SAS","STU","HG03740"
"2027","SAS","STU","HG03741"
"2028","SAS","ITU","HG03742"
"2029","SAS","STU","HG03743"
"2030","SAS","STU","HG03744"
"2031","SAS","STU","HG03745"
"2032","SAS","STU","HG03746"
"2033","SAS","STU","HG03750"
"2034","SAS","STU","HG03752"
"2035","SAS","STU","HG03753"
"2036","SAS","STU","HG03754"
"2037","SAS","STU","HG03755"
"2038","SAS","STU","HG03756"
"2039","SAS","STU","HG03757"
"2040","SAS","STU","HG03760"
"2041","SAS","PJL","HG03762"
"2042","SAS","PJL","HG03765"
"2043","SAS","PJL","HG03767"
"2044","SAS","ITU","HG03770"
"2045","SAS","ITU","HG03771"
"2046","SAS","ITU","HG03772"
"2047","SAS","ITU","HG03773"
"2048","SAS","ITU","HG03774"
"2049","SAS","ITU","HG03775"
"2050","SAS","ITU","HG03777"
"2051","SAS","ITU","HG03778"
"2052","SAS","ITU","HG03779"
"2053","SAS","ITU","HG03780"
"2054","SAS","ITU","HG03781"
"2055","SAS","ITU","HG03782"
"2056","SAS","ITU","HG03784"
"2057","SAS","ITU","HG03785"
"2058","SAS","ITU","HG03786"
"2059","SAS","ITU","HG03787"
"2060","SAS","ITU","HG03788"
"2061","SAS","ITU","HG03789"
"2062","SAS","ITU","HG03790"
"2063","SAS","ITU","HG03792"
"2064","SAS","BEB","HG03793"
"2065","SAS","BEB","HG03796"
"2066","SAS","BEB","HG03800"
"2067","SAS","BEB","HG03802"
"2068","SAS","BEB","HG03803"
"2069","SAS","BEB","HG03805"
"2070","SAS","BEB","HG03808"
"2071","SAS","BEB","HG03809"
"2072","SAS","BEB","HG03812"
"2073","SAS","BEB","HG03814"
"2074","SAS","BEB","HG03815"
"2075","SAS","BEB","HG03817"
"2076","SAS","BEB","HG03821"
"2077","SAS","BEB","HG03823"
"2078","SAS","BEB","HG03824"
"2079","SAS","BEB","HG03826"
"2080","SAS","BEB","HG03829"
"2081","SAS","BEB","HG03830"
"2082","SAS","BEB","HG03832"
"2083","SAS","BEB","HG03833"
"2084","SAS","STU","HG03836"
"2085","SAS","STU","HG03837"
"2086","SAS","STU","HG03838"
"2087","SAS","STU","HG03844"
"2088","SAS","STU","HG03846"
"2089","SAS","STU","HG03848"
"2090","SAS","STU","HG03849"
"2091","SAS","STU","HG03850"
"2092","SAS","STU","HG03851"
"2093","SAS","STU","HG03854"
"2094","SAS","STU","HG03856"
"2095","SAS","STU","HG03857"
"2096","SAS","STU","HG03858"
"2097","SAS","ITU","HG03861"
"2098","SAS","ITU","HG03862"
"2099","SAS","ITU","HG03863"
"2100","SAS","ITU","HG03864"
"2101","SAS","ITU","HG03866"
"2102","SAS","ITU","HG03867"
"2103","SAS","ITU","HG03868"
"2104","SAS","ITU","HG03869"
"2105","SAS","ITU","HG03870"
"2106","SAS","ITU","HG03871"
"2107","SAS","ITU","HG03872"
"2108","SAS","ITU","HG03873"
"2109","SAS","ITU","HG03874"
"2110","SAS","ITU","HG03875"
"2111","SAS","ITU","HG03882"
"2112","SAS","STU","HG03884"
"2113","SAS","STU","HG03885"
"2114","SAS","STU","HG03886"
"2115","SAS","STU","HG03887"
"2116","SAS","STU","HG03888"
"2117","SAS","STU","HG03890"
"2118","SAS","STU","HG03894"
"2119","SAS","STU","HG03895"
"2120","SAS","STU","HG03896"
"2121","SAS","STU","HG03897"
"2122","SAS","STU","HG03898"
"2123","SAS","STU","HG03899"
"2124","SAS","STU","HG03900"
"2125","SAS","BEB","HG03902"
"2126","SAS","BEB","HG03905"
"2127","SAS","BEB","HG03907"
"2128","SAS","BEB","HG03908"
"2129","SAS","BEB","HG03910"
"2130","SAS","BEB","HG03911"
"2131","SAS","BEB","HG03913"
"2132","SAS","BEB","HG03914"
"2133","SAS","BEB","HG03916"
"2134","SAS","BEB","HG03917"
"2135","SAS","BEB","HG03919"
"2136","SAS","BEB","HG03920"
"2137","SAS","BEB","HG03922"
"2138","SAS","BEB","HG03925"
"2139","SAS","BEB","HG03926"
"2140","SAS","BEB","HG03928"
"2141","SAS","BEB","HG03931"
"2142","SAS","BEB","HG03934"
"2143","SAS","BEB","HG03937"
"2144","SAS","BEB","HG03940"
"2145","SAS","BEB","HG03941"
"2146","SAS","STU","HG03943"
"2147","SAS","STU","HG03944"
"2148","SAS","STU","HG03945"
"2149","SAS","STU","HG03947"
"2150","SAS","STU","HG03949"
"2151","SAS","STU","HG03950"
"2152","SAS","STU","HG03951"
"2153","SAS","STU","HG03953"
"2154","SAS","STU","HG03955"
"2155","SAS","ITU","HG03960"
"2156","SAS","ITU","HG03963"
"2157","SAS","ITU","HG03965"
"2158","SAS","ITU","HG03967"
"2159","SAS","ITU","HG03968"
"2160","SAS","ITU","HG03969"
"2161","SAS","ITU","HG03971"
"2162","SAS","ITU","HG03973"
"2163","SAS","ITU","HG03974"
"2164","SAS","ITU","HG03976"
"2165","SAS","ITU","HG03977"
"2166","SAS","ITU","HG03978"
"2167","SAS","STU","HG03985"
"2168","SAS","STU","HG03986"
"2169","SAS","STU","HG03989"
"2170","SAS","STU","HG03990"
"2171","SAS","STU","HG03991"
"2172","SAS","STU","HG03995"
"2173","SAS","STU","HG03998"
"2174","SAS","STU","HG03999"
"2175","SAS","ITU","HG04001"
"2176","SAS","ITU","HG04002"
"2177","SAS","STU","HG04003"
"2178","SAS","STU","HG04006"
"2179","SAS","ITU","HG04014"
"2180","SAS","ITU","HG04015"
"2181","SAS","ITU","HG04017"
"2182","SAS","ITU","HG04018"
"2183","SAS","ITU","HG04019"
"2184","SAS","ITU","HG04020"
"2185","SAS","ITU","HG04022"
"2186","SAS","ITU","HG04023"
"2187","SAS","ITU","HG04025"
"2188","SAS","ITU","HG04026"
"2189","SAS","STU","HG04029"
"2190","SAS","STU","HG04033"
"2191","SAS","STU","HG04035"
"2192","SAS","STU","HG04038"
"2193","SAS","STU","HG04039"
"2194","SAS","STU","HG04042"
"2195","SAS","STU","HG04047"
"2196","SAS","ITU","HG04054"
"2197","SAS","ITU","HG04056"
"2198","SAS","ITU","HG04059"
"2199","SAS","ITU","HG04060"
"2200","SAS","ITU","HG04061"
"2201","SAS","ITU","HG04062"
"2202","SAS","ITU","HG04063"
"2203","SAS","ITU","HG04070"
"2204","SAS","STU","HG04075"
"2205","SAS","ITU","HG04076"
"2206","SAS","ITU","HG04080"
"2207","SAS","ITU","HG04090"
"2208","SAS","ITU","HG04093"
"2209","SAS","ITU","HG04094"
"2210","SAS","ITU","HG04096"
"2211","SAS","ITU","HG04098"
"2212","SAS","STU","HG04099"
"2213","SAS","STU","HG04100"
"2214","SAS","STU","HG04106"
"2215","SAS","STU","HG04107"
"2216","SAS","ITU","HG04118"
"2217","SAS","BEB","HG04131"
"2218","SAS","BEB","HG04134"
"2219","SAS","BEB","HG04140"
"2220","SAS","BEB","HG04141"
"2221","SAS","BEB","HG04144"
"2222","SAS","BEB","HG04146"
"2223","SAS","BEB","HG04152"
"2224","SAS","BEB","HG04153"
"2225","SAS","BEB","HG04155"
"2226","SAS","BEB","HG04156"
"2227","SAS","BEB","HG04158"
"2228","SAS","BEB","HG04159"
"2229","SAS","BEB","HG04161"
"2230","SAS","BEB","HG04162"
"2231","SAS","BEB","HG04164"
"2232","SAS","BEB","HG04171"
"2233","SAS","BEB","HG04173"
"2234","SAS","BEB","HG04176"
"2235","SAS","BEB","HG04177"
"2236","SAS","BEB","HG04180"
"2237","SAS","BEB","HG04182"
"2238","SAS","BEB","HG04183"
"2239","SAS","BEB","HG04185"
"2240","SAS","BEB","HG04186"
"2241","SAS","BEB","HG04188"
"2242","SAS","BEB","HG04189"
"2243","SAS","BEB","HG04194"
"2244","SAS","BEB","HG04195"
"2245","SAS","ITU","HG04198"
"2246","SAS","ITU","HG04200"
"2247","SAS","ITU","HG04202"
"2248","SAS","ITU","HG04206"
"2249","SAS","ITU","HG04209"
"2250","SAS","STU","HG04210"
"2251","SAS","ITU","HG04211"
"2252","SAS","ITU","HG04212"
"2253","SAS","ITU","HG04214"
"2254","SAS","ITU","HG04216"
"2255","SAS","ITU","HG04219"
"2256","SAS","ITU","HG04222"
"2257","SAS","ITU","HG04225"
"2258","SAS","STU","HG04227"
"2259","SAS","STU","HG04229"
"2260","SAS","ITU","HG04235"
"2261","SAS","ITU","HG04238"
"2262","SAS","ITU","HG04239"
"2263","EUR","CEU","NA06984"
"2264","EUR","CEU","NA06985"
"2265","EUR","CEU","NA06986"
"2266","EUR","CEU","NA06989"
"2267","EUR","CEU","NA06994"
"2268","EUR","CEU","NA07000"
"2269","EUR","CEU","NA07037"
"2270","EUR","CEU","NA07048"
"2271","EUR","CEU","NA07051"
"2272","EUR","CEU","NA07056"
"2273","EUR","CEU","NA07347"
"2274","EUR","CEU","NA07357"
"2275","EUR","CEU","NA10847"
"2276","EUR","CEU","NA10851"
"2277","EUR","CEU","NA11829"
"2278","EUR","CEU","NA11830"
"2279","EUR","CEU","NA11831"
"2280","EUR","CEU","NA11832"
"2281","EUR","CEU","NA11840"
"2282","EUR","CEU","NA11843"
"2283","EUR","CEU","NA11881"
"2284","EUR","CEU","NA11892"
"2285","EUR","CEU","NA11893"
"2286","EUR","CEU","NA11894"
"2287","EUR","CEU","NA11918"
"2288","EUR","CEU","NA11919"
"2289","EUR","CEU","NA11920"
"2290","EUR","CEU","NA11930"
"2291","EUR","CEU","NA11931"
"2292","EUR","CEU","NA11932"
"2293","EUR","CEU","NA11933"
"2294","EUR","CEU","NA11992"
"2295","EUR","CEU","NA11994"
"2296","EUR","CEU","NA11995"
"2297","EUR","CEU","NA12003"
"2298","EUR","CEU","NA12004"
"2299","EUR","CEU","NA12005"
"2300","EUR","CEU","NA12006"
"2301","EUR","CEU","NA12043"
"2302","EUR","CEU","NA12044"
"2303","EUR","CEU","NA12045"
"2304","EUR","CEU","NA12046"
"2305","EUR","CEU","NA12058"
"2306","EUR","CEU","NA12144"
"2307","EUR","CEU","NA12154"
"2308","EUR","CEU","NA12155"
"2309","EUR","CEU","NA12156"
"2310","EUR","CEU","NA12234"
"2311","EUR","CEU","NA12249"
"2312","EUR","CEU","NA12272"
"2313","EUR","CEU","NA12273"
"2314","EUR","CEU","NA12275"
"2315","EUR","CEU","NA12282"
"2316","EUR","CEU","NA12283"
"2317","EUR","CEU","NA12286"
"2318","EUR","CEU","NA12287"
"2319","EUR","CEU","NA12340"
"2320","EUR","CEU","NA12341"
"2321","EUR","CEU","NA12342"
"2322","EUR","CEU","NA12347"
"2323","EUR","CEU","NA12348"
"2324","EUR","CEU","NA12383"
"2325","EUR","CEU","NA12399"
"2326","EUR","CEU","NA12400"
"2327","EUR","CEU","NA12413"
"2328","EUR","CEU","NA12414"
"2329","EUR","CEU","NA12489"
"2330","EUR","CEU","NA12546"
"2331","EUR","CEU","NA12716"
"2332","EUR","CEU","NA12717"
"2333","EUR","CEU","NA12718"
"2334","EUR","CEU","NA12748"
"2335","EUR","CEU","NA12749"
"2336","EUR","CEU","NA12750"
"2337","EUR","CEU","NA12751"
"2338","EUR","CEU","NA12760"
"2339","EUR","CEU","NA12761"
"2340","EUR","CEU","NA12762"
"2341","EUR","CEU","NA12763"
"2342","EUR","CEU","NA12775"
"2343","EUR","CEU","NA12776"
"2344","EUR","CEU","NA12777"
"2345","EUR","CEU","NA12778"
"2346","EUR","CEU","NA12812"
"2347","EUR","CEU","NA12813"
"2348","EUR","CEU","NA12814"
"2349","EUR","CEU","NA12815"
"2350","EUR","CEU","NA12827"
"2351","EUR","CEU","NA12828"
"2352","EUR","CEU","NA12829"
"2353","EUR","CEU","NA12830"
"2354","EUR","CEU","NA12842"
"2355","EUR","CEU","NA12843"
"2356","EUR","CEU","NA12872"
"2357","EUR","CEU","NA12873"
"2358","EUR","CEU","NA12874"
"2359","EUR","CEU","NA12878"
"2360","EUR","CEU","NA12889"
"2361","EUR","CEU","NA12890"
"2362","AFR","YRI","NA18486"
"2363","AFR","YRI","NA18488"
"2364","AFR","YRI","NA18489"
"2365","AFR","YRI","NA18498"
"2366","AFR","YRI","NA18499"
"2367","AFR","YRI","NA18501"
"2368","AFR","YRI","NA18502"
"2369","AFR","YRI","NA18504"
"2370","AFR","YRI","NA18505"
"2371","AFR","YRI","NA18507"
"2372","AFR","YRI","NA18508"
"2373","AFR","YRI","NA18510"
"2374","AFR","YRI","NA18511"
"2375","AFR","YRI","NA18516"
"2376","AFR","YRI","NA18517"
"2377","AFR","YRI","NA18519"
"2378","AFR","YRI","NA18520"
"2379","AFR","YRI","NA18522"
"2380","AFR","YRI","NA18523"
"2381","EAS","CHB","NA18525"
"2382","EAS","CHB","NA18526"
"2383","EAS","CHB","NA18528"
"2384","EAS","CHB","NA18530"
"2385","EAS","CHB","NA18531"
"2386","EAS","CHB","NA18532"
"2387","EAS","CHB","NA18533"
"2388","EAS","CHB","NA18534"
"2389","EAS","CHB","NA18535"
"2390","EAS","CHB","NA18536"
"2391","EAS","CHB","NA18537"
"2392","EAS","CHB","NA18538"
"2393","EAS","CHB","NA18539"
"2394","EAS","CHB","NA18541"
"2395","EAS","CHB","NA18542"
"2396","EAS","CHB","NA18543"
"2397","EAS","CHB","NA18544"
"2398","EAS","CHB","NA18545"
"2399","EAS","CHB","NA18546"
"2400","EAS","CHB","NA18547"
"2401","EAS","CHB","NA18548"
"2402","EAS","CHB","NA18549"
"2403","EAS","CHB","NA18550"
"2404","EAS","CHB","NA18552"
"2405","EAS","CHB","NA18553"
"2406","EAS","CHB","NA18555"
"2407","EAS","CHB","NA18557"
"2408","EAS","CHB","NA18558"
"2409","EAS","CHB","NA18559"
"2410","EAS","CHB","NA18560"
"2411","EAS","CHB","NA18561"
"2412","EAS","CHB","NA18562"
"2413","EAS","CHB","NA18563"
"2414","EAS","CHB","NA18564"
"2415","EAS","CHB","NA18565"
"2416","EAS","CHB","NA18566"
"2417","EAS","CHB","NA18567"
"2418","EAS","CHB","NA18570"
"2419","EAS","CHB","NA18571"
"2420","EAS","CHB","NA18572"
"2421","EAS","CHB","NA18573"
"2422","EAS","CHB","NA18574"
"2423","EAS","CHB","NA18577"
"2424","EAS","CHB","NA18579"
"2425","EAS","CHB","NA18582"
"2426","EAS","CHB","NA18591"
"2427","EAS","CHB","NA18592"
"2428","EAS","CHB","NA18593"
"2429","EAS","CHB","NA18595"
"2430","EAS","CHB","NA18596"
"2431","EAS","CHB","NA18597"
"2432","EAS","CHB","NA18599"
"2433","EAS","CHB","NA18602"
"2434","EAS","CHB","NA18603"
"2435","EAS","CHB","NA18605"
"2436","EAS","CHB","NA18606"
"2437","EAS","CHB","NA18608"
"2438","EAS","CHB","NA18609"
"2439","EAS","CHB","NA18610"
"2440","EAS","CHB","NA18611"
"2441","EAS","CHB","NA18612"
"2442","EAS","CHB","NA18613"
"2443","EAS","CHB","NA18614"
"2444","EAS","CHB","NA18615"
"2445","EAS","CHB","NA18616"
"2446","EAS","CHB","NA18617"
"2447","EAS","CHB","NA18618"
"2448","EAS","CHB","NA18619"
"2449","EAS","CHB","NA18620"
"2450","EAS","CHB","NA18621"
"2451","EAS","CHB","NA18622"
"2452","EAS","CHB","NA18623"
"2453","EAS","CHB","NA18624"
"2454","EAS","CHB","NA18625"
"2455","EAS","CHB","NA18626"
"2456","EAS","CHB","NA18627"
"2457","EAS","CHB","NA18628"
"2458","EAS","CHB","NA18629"
"2459","EAS","CHB","NA18630"
"2460","EAS","CHB","NA18631"
"2461","EAS","CHB","NA18632"
"2462","EAS","CHB","NA18633"
"2463","EAS","CHB","NA18634"
"2464","EAS","CHB","NA18635"
"2465","EAS","CHB","NA18636"
"2466","EAS","CHB","NA18637"
"2467","EAS","CHB","NA18638"
"2468","EAS","CHB","NA18639"
"2469","EAS","CHB","NA18640"
"2470","EAS","CHB","NA18641"
"2471","EAS","CHB","NA18642"
"2472","EAS","CHB","NA18643"
"2473","EAS","CHB","NA18644"
"2474","EAS","CHB","NA18645"
"2475","EAS","CHB","NA18646"
"2476","EAS","CHB","NA18647"
"2477","EAS","CHB","NA18648"
"2478","EAS","CHB","NA18740"
"2479","EAS","CHB","NA18745"
"2480","EAS","CHB","NA18747"
"2481","EAS","CHB","NA18748"
"2482","EAS","CHB","NA18749"
"2483","EAS","CHB","NA18757"
"2484","AFR","YRI","NA18853"
"2485","AFR","YRI","NA18856"
"2486","AFR","YRI","NA18858"
"2487","AFR","YRI","NA18861"
"2488","AFR","YRI","NA18864"
"2489","AFR","YRI","NA18865"
"2490","AFR","YRI","NA18867"
"2491","AFR","YRI","NA18868"
"2492","AFR","YRI","NA18870"
"2493","AFR","YRI","NA18871"
"2494","AFR","YRI","NA18873"
"2495","AFR","YRI","NA18874"
"2496","AFR","YRI","NA18876"
"2497","AFR","YRI","NA18877"
"2498","AFR","YRI","NA18878"
"2499","AFR","YRI","NA18879"
"2500","AFR","YRI","NA18881"
"2501","AFR","YRI","NA18907"
"2502","AFR","YRI","NA18908"
"2503","AFR","YRI","NA18909"
"2504","AFR","YRI","NA18910"
"2505","AFR","YRI","NA18912"
"2506","AFR","YRI","NA18915"
"2507","AFR","YRI","NA18916"
"2508","AFR","YRI","NA18917"
"2509","AFR","YRI","NA18923"
"2510","AFR","YRI","NA18924"
"2511","AFR","YRI","NA18933"
"2512","AFR","YRI","NA18934"
"2513","EAS","JPT","NA18939"
"2514","EAS","JPT","NA18940"
"2515","EAS","JPT","NA18941"
"2516","EAS","JPT","NA18942"
"2517","EAS","JPT","NA18943"
"2518","EAS","JPT","NA18944"
"2519","EAS","JPT","NA18945"
"2520","EAS","JPT","NA18946"
"2521","EAS","JPT","NA18947"
"2522","EAS","JPT","NA18948"
"2523","EAS","JPT","NA18949"
"2524","EAS","JPT","NA18950"
"2525","EAS","JPT","NA18951"
"2526","EAS","JPT","NA18952"
"2527","EAS","JPT","NA18953"
"2528","EAS","JPT","NA18954"
"2529","EAS","JPT","NA18956"
"2530","EAS","JPT","NA18957"
"2531","EAS","JPT","NA18959"
"2532","EAS","JPT","NA18960"
"2533","EAS","JPT","NA18961"
"2534","EAS","JPT","NA18962"
"2535","EAS","JPT","NA18963"
"2536","EAS","JPT","NA18964"
"2537","EAS","JPT","NA18965"
"2538","EAS","JPT","NA18966"
"2539","EAS","JPT","NA18967"
"2540","EAS","JPT","NA18968"
"2541","EAS","JPT","NA18969"
"2542","EAS","JPT","NA18970"
"2543","EAS","JPT","NA18971"
"2544","EAS","JPT","NA18972"
"2545","EAS","JPT","NA18973"
"2546","EAS","JPT","NA18974"
"2547","EAS","JPT","NA18975"
"2548","EAS","JPT","NA18976"
"2549","EAS","JPT","NA18977"
"2550","EAS","JPT","NA18978"
"2551","EAS","JPT","NA18979"
"2552","EAS","JPT","NA18980"
"2553","EAS","JPT","NA18981"
"2554","EAS","JPT","NA18982"
"2555","EAS","JPT","NA18983"
"2556","EAS","JPT","NA18984"
"2557","EAS","JPT","NA18985"
"2558","EAS","JPT","NA18986"
"2559","EAS","JPT","NA18987"
"2560","EAS","JPT","NA18988"
"2561","EAS","JPT","NA18989"
"2562","EAS","JPT","NA18990"
"2563","EAS","JPT","NA18991"
"2564","EAS","JPT","NA18992"
"2565","EAS","JPT","NA18993"
"2566","EAS","JPT","NA18994"
"2567","EAS","JPT","NA18995"
"2568","EAS","JPT","NA18997"
"2569","EAS","JPT","NA18998"
"2570","EAS","JPT","NA18999"
"2571","EAS","JPT","NA19000"
"2572","EAS","JPT","NA19001"
"2573","EAS","JPT","NA19002"
"2574","EAS","JPT","NA19003"
"2575","EAS","JPT","NA19004"
"2576","EAS","JPT","NA19005"
"2577","EAS","JPT","NA19006"
"2578","EAS","JPT","NA19007"
"2579","EAS","JPT","NA19009"
"2580","EAS","JPT","NA19010"
"2581","EAS","JPT","NA19011"
"2582","EAS","JPT","NA19012"
"2583","AFR","LWK","NA19017"
"2584","AFR","LWK","NA19019"
"2585","AFR","LWK","NA19020"
"2586","AFR","LWK","NA19023"
"2587","AFR","LWK","NA19024"
"2588","AFR","LWK","NA19025"
"2589","AFR","LWK","NA19026"
"2590","AFR","LWK","NA19027"
"2591","AFR","LWK","NA19028"
"2592","AFR","LWK","NA19030"
"2593","AFR","LWK","NA19031"
"2594","AFR","LWK","NA19035"
"2595","AFR","LWK","NA19036"
"2596","AFR","LWK","NA19037"
"2597","AFR","LWK","NA19038"
"2598","AFR","LWK","NA19041"
"2599","AFR","LWK","NA19042"
"2600","AFR","LWK","NA19043"
"2601","EAS","JPT","NA19054"
"2602","EAS","JPT","NA19055"
"2603","EAS","JPT","NA19056"
"2604","EAS","JPT","NA19057"
"2605","EAS","JPT","NA19058"
"2606","EAS","JPT","NA19059"
"2607","EAS","JPT","NA19060"
"2608","EAS","JPT","NA19062"
"2609","EAS","JPT","NA19063"
"2610","EAS","JPT","NA19064"
"2611","EAS","JPT","NA19065"
"2612","EAS","JPT","NA19066"
"2613","EAS","JPT","NA19067"
"2614","EAS","JPT","NA19068"
"2615","EAS","JPT","NA19070"
"2616","EAS","JPT","NA19072"
"2617","EAS","JPT","NA19074"
"2618","EAS","JPT","NA19075"
"2619","EAS","JPT","NA19076"
"2620","EAS","JPT","NA19077"
"2621","EAS","JPT","NA19078"
"2622","EAS","JPT","NA19079"
"2623","EAS","JPT","NA19080"
"2624","EAS","JPT","NA19081"
"2625","EAS","JPT","NA19082"
"2626","EAS","JPT","NA19083"
"2627","EAS","JPT","NA19084"
"2628","EAS","JPT","NA19085"
"2629","EAS","JPT","NA19086"
"2630","EAS","JPT","NA19087"
"2631","EAS","JPT","NA19088"
"2632","EAS","JPT","NA19089"
"2633","EAS","JPT","NA19090"
"2634","EAS","JPT","NA19091"
"2635","AFR","YRI","NA19092"
"2636","AFR","YRI","NA19093"
"2637","AFR","YRI","NA19095"
"2638","AFR","YRI","NA19096"
"2639","AFR","YRI","NA19098"
"2640","AFR","YRI","NA19099"
"2641","AFR","YRI","NA19102"
"2642","AFR","YRI","NA19107"
"2643","AFR","YRI","NA19108"
"2644","AFR","YRI","NA19113"
"2645","AFR","YRI","NA19114"
"2646","AFR","YRI","NA19116"
"2647","AFR","YRI","NA19117"
"2648","AFR","YRI","NA19118"
"2649","AFR","YRI","NA19119"
"2650","AFR","YRI","NA19121"
"2651","AFR","YRI","NA19129"
"2652","AFR","YRI","NA19130"
"2653","AFR","YRI","NA19131"
"2654","AFR","YRI","NA19137"
"2655","AFR","YRI","NA19138"
"2656","AFR","YRI","NA19141"
"2657","AFR","YRI","NA19143"
"2658","AFR","YRI","NA19144"
"2659","AFR","YRI","NA19146"
"2660","AFR","YRI","NA19147"
"2661","AFR","YRI","NA19149"
"2662","AFR","YRI","NA19152"
"2663","AFR","YRI","NA19153"
"2664","AFR","YRI","NA19159"
"2665","AFR","YRI","NA19160"
"2666","AFR","YRI","NA19171"
"2667","AFR","YRI","NA19172"
"2668","AFR","YRI","NA19175"
"2669","AFR","YRI","NA19184"
"2670","AFR","YRI","NA19185"
"2671","AFR","YRI","NA19189"
"2672","AFR","YRI","NA19190"
"2673","AFR","YRI","NA19197"
"2674","AFR","YRI","NA19198"
"2675","AFR","YRI","NA19200"
"2676","AFR","YRI","NA19201"
"2677","AFR","YRI","NA19204"
"2678","AFR","YRI","NA19206"
"2679","AFR","YRI","NA19207"
"2680","AFR","YRI","NA19209"
"2681","AFR","YRI","NA19210"
"2682","AFR","YRI","NA19213"
"2683","AFR","YRI","NA19214"
"2684","AFR","YRI","NA19222"
"2685","AFR","YRI","NA19223"
"2686","AFR","YRI","NA19225"
"2687","AFR","YRI","NA19235"
"2688","AFR","YRI","NA19236"
"2689","AFR","YRI","NA19238"
"2690","AFR","YRI","NA19239"
"2691","AFR","YRI","NA19247"
"2692","AFR","YRI","NA19248"
"2693","AFR","YRI","NA19256"
"2694","AFR","YRI","NA19257"
"2695","AFR","LWK","NA19307"
"2696","AFR","LWK","NA19308"
"2697","AFR","LWK","NA19309"
"2698","AFR","LWK","NA19310"
"2699","AFR","LWK","NA19312"
"2700","AFR","LWK","NA19314"
"2701","AFR","LWK","NA19315"
"2702","AFR","LWK","NA19316"
"2703","AFR","LWK","NA19317"
"2704","AFR","LWK","NA19318"
"2705","AFR","LWK","NA19319"
"2706","AFR","LWK","NA19320"
"2707","AFR","LWK","NA19321"
"2708","AFR","LWK","NA19323"
"2709","AFR","LWK","NA19324"
"2710","AFR","LWK","NA19327"
"2711","AFR","LWK","NA19328"
"2712","AFR","LWK","NA19331"
"2713","AFR","LWK","NA19332"
"2714","AFR","LWK","NA19334"
"2715","AFR","LWK","NA19338"
"2716","AFR","LWK","NA19346"
"2717","AFR","LWK","NA19347"
"2718","AFR","LWK","NA19350"
"2719","AFR","LWK","NA19351"
"2720","AFR","LWK","NA19355"
"2721","AFR","LWK","NA19360"
"2722","AFR","LWK","NA19372"
"2723","AFR","LWK","NA19374"
"2724","AFR","LWK","NA19375"
"2725","AFR","LWK","NA19376"
"2726","AFR","LWK","NA19377"
"2727","AFR","LWK","NA19378"
"2728","AFR","LWK","NA19379"
"2729","AFR","LWK","NA19380"
"2730","AFR","LWK","NA19383"
"2731","AFR","LWK","NA19384"
"2732","AFR","LWK","NA19385"
"2733","AFR","LWK","NA19390"
"2734","AFR","LWK","NA19391"
"2735","AFR","LWK","NA19393"
"2736","AFR","LWK","NA19394"
"2737","AFR","LWK","NA19395"
"2738","AFR","LWK","NA19397"
"2739","AFR","LWK","NA19399"
"2740","AFR","LWK","NA19401"
"2741","AFR","LWK","NA19403"
"2742","AFR","LWK","NA19404"
"2743","AFR","LWK","NA19428"
"2744","AFR","LWK","NA19429"
"2745","AFR","LWK","NA19430"
"2746","AFR","LWK","NA19431"
"2747","AFR","LWK","NA19434"
"2748","AFR","LWK","NA19435"
"2749","AFR","LWK","NA19436"
"2750","AFR","LWK","NA19437"
"2751","AFR","LWK","NA19438"
"2752","AFR","LWK","NA19439"
"2753","AFR","LWK","NA19440"
"2754","AFR","LWK","NA19443"
"2755","AFR","LWK","NA19445"
"2756","AFR","LWK","NA19446"
"2757","AFR","LWK","NA19448"
"2758","AFR","LWK","NA19449"
"2759","AFR","LWK","NA19451"
"2760","AFR","LWK","NA19452"
"2761","AFR","LWK","NA19454"
"2762","AFR","LWK","NA19455"
"2763","AFR","LWK","NA19456"
"2764","AFR","LWK","NA19457"
"2765","AFR","LWK","NA19461"
"2766","AFR","LWK","NA19462"
"2767","AFR","LWK","NA19463"
"2768","AFR","LWK","NA19466"
"2769","AFR","LWK","NA19467"
"2770","AFR","LWK","NA19468"
"2771","AFR","LWK","NA19471"
"2772","AFR","LWK","NA19472"
"2773","AFR","LWK","NA19473"
"2774","AFR","LWK","NA19474"
"2775","AFR","LWK","NA19475"
"2776","AFR","ASW","NA19625"
"2777","AMR","MXL","NA19648"
"2778","AMR","MXL","NA19649"
"2779","AMR","MXL","NA19651"
"2780","AMR","MXL","NA19652"
"2781","AMR","MXL","NA19654"
"2782","AMR","MXL","NA19655"
"2783","AMR","MXL","NA19657"
"2784","AMR","MXL","NA19658"
"2785","AMR","MXL","NA19661"
"2786","AMR","MXL","NA19663"
"2787","AMR","MXL","NA19664"
"2788","AMR","MXL","NA19669"
"2789","AMR","MXL","NA19670"
"2790","AMR","MXL","NA19676"
"2791","AMR","MXL","NA19678"
"2792","AMR","MXL","NA19679"
"2793","AMR","MXL","NA19681"
"2794","AMR","MXL","NA19682"
"2795","AMR","MXL","NA19684"
"2796","AFR","ASW","NA19700"
"2797","AFR","ASW","NA19701"
"2798","AFR","ASW","NA19703"
"2799","AFR","ASW","NA19704"
"2800","AFR","ASW","NA19707"
"2801","AFR","ASW","NA19711"
"2802","AFR","ASW","NA19712"
"2803","AFR","ASW","NA19713"
"2804","AMR","MXL","NA19716"
"2805","AMR","MXL","NA19717"
"2806","AMR","MXL","NA19719"
"2807","AMR","MXL","NA19720"
"2808","AMR","MXL","NA19722"
"2809","AMR","MXL","NA19723"
"2810","AMR","MXL","NA19725"
"2811","AMR","MXL","NA19726"
"2812","AMR","MXL","NA19728"
"2813","AMR","MXL","NA19729"
"2814","AMR","MXL","NA19731"
"2815","AMR","MXL","NA19732"
"2816","AMR","MXL","NA19734"
"2817","AMR","MXL","NA19735"
"2818","AMR","MXL","NA19740"
"2819","AMR","MXL","NA19741"
"2820","AMR","MXL","NA19746"
"2821","AMR","MXL","NA19747"
"2822","AMR","MXL","NA19749"
"2823","AMR","MXL","NA19750"
"2824","AMR","MXL","NA19752"
"2825","AMR","MXL","NA19755"
"2826","AMR","MXL","NA19756"
"2827","AMR","MXL","NA19758"
"2828","AMR","MXL","NA19759"
"2829","AMR","MXL","NA19761"
"2830","AMR","MXL","NA19762"
"2831","AMR","MXL","NA19764"
"2832","AMR","MXL","NA19770"
"2833","AMR","MXL","NA19771"
"2834","AMR","MXL","NA19773"
"2835","AMR","MXL","NA19774"
"2836","AMR","MXL","NA19776"
"2837","AMR","MXL","NA19777"
"2838","AMR","MXL","NA19779"
"2839","AMR","MXL","NA19780"
"2840","AMR","MXL","NA19782"
"2841","AMR","MXL","NA19783"
"2842","AMR","MXL","NA19785"
"2843","AMR","MXL","NA19786"
"2844","AMR","MXL","NA19788"
"2845","AMR","MXL","NA19789"
"2846","AMR","MXL","NA19792"
"2847","AMR","MXL","NA19794"
"2848","AMR","MXL","NA19795"
"2849","AFR","ASW","NA19818"
"2850","AFR","ASW","NA19819"
"2851","AFR","ASW","NA19834"
"2852","AFR","ASW","NA19835"
"2853","AFR","ASW","NA19900"
"2854","AFR","ASW","NA19901"
"2855","AFR","ASW","NA19904"
"2856","AFR","ASW","NA19908"
"2857","AFR","ASW","NA19909"
"2858","AFR","ASW","NA19913"
"2859","AFR","ASW","NA19914"
"2860","AFR","ASW","NA19916"
"2861","AFR","ASW","NA19917"
"2862","AFR","ASW","NA19920"
"2863","AFR","ASW","NA19921"
"2864","AFR","ASW","NA19922"
"2865","AFR","ASW","NA19923"
"2866","AFR","ASW","NA19982"
"2867","AFR","ASW","NA19984"
"2868","AFR","ASW","NA20126"
"2869","AFR","ASW","NA20127"
"2870","AFR","ASW","NA20274"
"2871","AFR","ASW","NA20276"
"2872","AFR","ASW","NA20278"
"2873","AFR","ASW","NA20281"
"2874","AFR","ASW","NA20282"
"2875","AFR","ASW","NA20287"
"2876","AFR","ASW","NA20289"
"2877","AFR","ASW","NA20291"
"2878","AFR","ASW","NA20294"
"2879","AFR","ASW","NA20296"
"2880","AFR","ASW","NA20298"
"2881","AFR","ASW","NA20299"
"2882","AFR","ASW","NA20314"
"2883","AFR","ASW","NA20317"
"2884","AFR","ASW","NA20318"
"2885","AFR","ASW","NA20320"
"2886","AFR","ASW","NA20321"
"2887","AFR","ASW","NA20332"
"2888","AFR","ASW","NA20334"
"2889","AFR","ASW","NA20339"
"2890","AFR","ASW","NA20340"
"2891","AFR","ASW","NA20342"
"2892","AFR","ASW","NA20346"
"2893","AFR","ASW","NA20348"
"2894","AFR","ASW","NA20351"
"2895","AFR","ASW","NA20355"
"2896","AFR","ASW","NA20356"
"2897","AFR","ASW","NA20357"
"2898","AFR","ASW","NA20359"
"2899","AFR","ASW","NA20362"
"2900","AFR","ASW","NA20412"
"2901","EUR","TSI","NA20502"
"2902","EUR","TSI","NA20503"
"2903","EUR","TSI","NA20504"
"2904","EUR","TSI","NA20505"
"2905","EUR","TSI","NA20506"
"2906","EUR","TSI","NA20507"
"2907","EUR","TSI","NA20508"
"2908","EUR","TSI","NA20509"
"2909","EUR","TSI","NA20510"
"2910","EUR","TSI","NA20511"
"2911","EUR","TSI","NA20512"
"2912","EUR","TSI","NA20513"
"2913","EUR","TSI","NA20514"
"2914","EUR","TSI","NA20515"
"2915","EUR","TSI","NA20516"
"2916","EUR","TSI","NA20517"
"2917","EUR","TSI","NA20518"
"2918","EUR","TSI","NA20519"
"2919","EUR","TSI","NA20520"
"2920","EUR","TSI","NA20521"
"2921","EUR","TSI","NA20522"
"2922","EUR","TSI","NA20524"
"2923","EUR","TSI","NA20525"
"2924","EUR","TSI","NA20527"
"2925","EUR","TSI","NA20528"
"2926","EUR","TSI","NA20529"
"2927","EUR","TSI","NA20530"
"2928","EUR","TSI","NA20531"
"2929","EUR","TSI","NA20532"
"2930","EUR","TSI","NA20533"
"2931","EUR","TSI","NA20534"
"2932","EUR","TSI","NA20535"
"2933","EUR","TSI","NA20536"
"2934","EUR","TSI","NA20538"
"2935","EUR","TSI","NA20539"
"2936","EUR","TSI","NA20540"
"2937","EUR","TSI","NA20541"
"2938","EUR","TSI","NA20542"
"2939","EUR","TSI","NA20543"
"2940","EUR","TSI","NA20544"
"2941","EUR","TSI","NA20581"
"2942","EUR","TSI","NA20582"
"2943","EUR","TSI","NA20585"
"2944","EUR","TSI","NA20586"
"2945","EUR","TSI","NA20587"
"2946","EUR","TSI","NA20588"
"2947","EUR","TSI","NA20589"
"2948","EUR","TSI","NA20752"
"2949","EUR","TSI","NA20753"
"2950","EUR","TSI","NA20754"
"2951","EUR","TSI","NA20755"
"2952","EUR","TSI","NA20756"
"2953","EUR","TSI","NA20757"
"2954","EUR","TSI","NA20758"
"2955","EUR","TSI","NA20759"
"2956","EUR","TSI","NA20760"
"2957","EUR","TSI","NA20761"
"2958","EUR","TSI","NA20762"
"2959","EUR","TSI","NA20763"
"2960","EUR","TSI","NA20764"
"2961","EUR","TSI","NA20765"
"2962","EUR","TSI","NA20766"
"2963","EUR","TSI","NA20767"
"2964","EUR","TSI","NA20768"
"2965","EUR","TSI","NA20769"
"2966","EUR","TSI","NA20770"
"2967","EUR","TSI","NA20771"
"2968","EUR","TSI","NA20772"
"2969","EUR","TSI","NA20773"
"2970","EUR","TSI","NA20774"
"2971","EUR","TSI","NA20775"
"2972","EUR","TSI","NA20778"
"2973","EUR","TSI","NA20783"
"2974","EUR","TSI","NA20785"
"2975","EUR","TSI","NA20786"
"2976","EUR","TSI","NA20787"
"2977","EUR","TSI","NA20790"
"2978","EUR","TSI","NA20792"
"2979","EUR","TSI","NA20795"
"2980","EUR","TSI","NA20796"
"2981","EUR","TSI","NA20797"
"2982","EUR","TSI","NA20798"
"2983","EUR","TSI","NA20799"
"2984","EUR","TSI","NA20800"
"2985","EUR","TSI","NA20801"
"2986","EUR","TSI","NA20802"
"2987","EUR","TSI","NA20803"
"2988","EUR","TSI","NA20804"
"2989","EUR","TSI","NA20805"
"2990","EUR","TSI","NA20806"
"2991","EUR","TSI","NA20807"
"2992","EUR","TSI","NA20808"
"2993","EUR","TSI","NA20809"
"2994","EUR","TSI","NA20810"
"2995","EUR","TSI","NA20811"
"2996","EUR","TSI","NA20812"
"2997","EUR","TSI","NA20813"
"2998","EUR","TSI","NA20814"
"2999","EUR","TSI","NA20815"
"3000","EUR","TSI","NA20818"
"3001","EUR","TSI","NA20819"
"3002","EUR","TSI","NA20821"
"3003","EUR","TSI","NA20822"
"3004","EUR","TSI","NA20826"
"3005","EUR","TSI","NA20827"
"3006","EUR","TSI","NA20828"
"3007","EUR","TSI","NA20832"
"3008","SAS","GIH","NA20845"
"3009","SAS","GIH","NA20846"
"3010","SAS","GIH","NA20847"
"3011","SAS","GIH","NA20849"
"3012","SAS","GIH","NA20850"
"3013","SAS","GIH","NA20851"
"3014","SAS","GIH","NA20852"
"3015","SAS","GIH","NA20853"
"3016","SAS","GIH","NA20854"
"3017","SAS","GIH","NA20856"
"3018","SAS","GIH","NA20858"
"3019","SAS","GIH","NA20859"
"3020","SAS","GIH","NA20861"
"3021","SAS","GIH","NA20862"
"3022","SAS","GIH","NA20863"
"3023","SAS","GIH","NA20864"
"3024","SAS","GIH","NA20866"
"3025","SAS","GIH","NA20867"
"3026","SAS","GIH","NA20868"
"3027","SAS","GIH","NA20869"
"3028","SAS","GIH","NA20870"
"3029","SAS","GIH","NA20872"
"3030","SAS","GIH","NA20874"
"3031","SAS","GIH","NA20875"
"3032","SAS","GIH","NA20876"
"3033","SAS","GIH","NA20877"
"3034","SAS","GIH","NA20878"
"3035","SAS","GIH","NA20881"
"3036","SAS","GIH","NA20882"
"3037","SAS","GIH","NA20884"
"3038","SAS","GIH","NA20885"
"3039","SAS","GIH","NA20886"
"3040","SAS","GIH","NA20887"
"3041","SAS","GIH","NA20888"
"3042","SAS","GIH","NA20889"
"3043","SAS","GIH","NA20890"
"3044","SAS","GIH","NA20891"
"3045","SAS","GIH","NA20892"
"3046","SAS","GIH","NA20894"
"3047","SAS","GIH","NA20895"
"3048","SAS","GIH","NA20896"
"3049","SAS","GIH","NA20897"
"3050","SAS","GIH","NA20899"
"3051","SAS","GIH","NA20900"
"3052","SAS","GIH","NA20901"
"3053","SAS","GIH","NA20902"
"3054","SAS","GIH","NA20903"
"3055","SAS","GIH","NA20904"
"3056","SAS","GIH","NA20905"
"3057","SAS","GIH","NA20906"
"3058","SAS","GIH","NA20908"
"3059","SAS","GIH","NA20910"
"3060","SAS","GIH","NA20911"
"3061","SAS","GIH","NA21086"
"3062","SAS","GIH","NA21087"
"3063","SAS","GIH","NA21088"
"3064","SAS","GIH","NA21089"
"3065","SAS","GIH","NA21090"
"3066","SAS","GIH","NA21091"
"3067","SAS","GIH","NA21092"
"3068","SAS","GIH","NA21093"
"3069","SAS","GIH","NA21094"
"3070","SAS","GIH","NA21095"
"3071","SAS","GIH","NA21097"
"3072","SAS","GIH","NA21098"
"3073","SAS","GIH","NA21099"
"3074","SAS","GIH","NA21100"
"3075","SAS","GIH","NA21101"
"3076","SAS","GIH","NA21102"
"3077","SAS","GIH","NA21103"
"3078","SAS","GIH","NA21104"
"3079","SAS","GIH","NA21105"
"3080","SAS","GIH","NA21106"
"3081","SAS","GIH","NA21107"
"3082","SAS","GIH","NA21108"
"3083","SAS","GIH","NA21109"
"3084","SAS","GIH","NA21110"
"3085","SAS","GIH","NA21111"
"3086","SAS","GIH","NA21112"
"3087","SAS","GIH","NA21113"
"3088","SAS","GIH","NA21114"
"3089","SAS","GIH","NA21115"
"3090","SAS","GIH","NA21116"
"3091","SAS","GIH","NA21117"
"3092","SAS","GIH","NA21118"
"3093","SAS","GIH","NA21119"
"3094","SAS","GIH","NA21120"
"3095","SAS","GIH","NA21122"
"3096","SAS","GIH","NA21123"
"3097","SAS","GIH","NA21124"
"3098","SAS","GIH","NA21125"
"3099","SAS","GIH","NA21126"
"3100","SAS","GIH","NA21127"
"3101","SAS","GIH","NA21128"
"3102","SAS","GIH","NA21129"
"3103","SAS","GIH","NA21130"
"3104","SAS","GIH","NA21133"
"3105","SAS","GIH","NA21135"
"3106","SAS","GIH","NA21137"
"3107","SAS","GIH","NA21141"
"3108","SAS","GIH","NA21142"
"3109","SAS","GIH","NA21143"
"3110","SAS","GIH","NA21144"
